site_id,date,hour
CN10,2025-05-19,8
CN10,2025-05-19,9
CN10,2025-05-19,10
CN10,2025-05-19,11
CN10,2025-05-19,12
CN10,2025-05-19,13
CN10,2025-05-19,14
CN10,2025-05-19,15
CN10,2025-05-19,16
CN10,2025-05-19,17
CN11,2025-05-19,8
CN11,2025-05-19,9
CN11,2025-05-19,10
CN11,2025-05-19,11
CN11,2025-05-19,12
CN11,2025-05-19,13
CN11,2025-05-19,14
CN11,2025-05-19,15
CN11,2025-05-19,16
CN11,2025-05-19,17
CN31,2025-05-19,8
CN31,2025-05-19,9
CN31,2025-05-19,10
CN31,2025-05-19,11
CN31,2025-05-19,12
CN31,2025-05-19,13
CN31,2025-05-19,14
CN31,2025-05-19,15
CN31,2025-05-19,16
CN31,2025-05-19,17
CN41,2025-05-19,8
CN41,2025-05-19,9
CN41,2025-05-19,10
CN41,2025-05-19,11
CN41,2025-05-19,12
CN41,2025-05-19,13
CN41,2025-05-19,14
CN41,2025-05-19,15
CN41,2025-05-19,16
CN41,2025-05-19,17
CN10,2025-05-20,8
CN10,2025-05-20,9
CN10,2025-05-20,10
CN10,2025-05-20,11
CN10,2025-05-20,12
CN10,2025-05-20,13
CN10,2025-05-20,14
CN10,2025-05-20,15
CN10,2025-05-20,16
CN10,2025-05-20,17
CN11,2025-05-20,8
CN11,2025-05-20,9
CN11,2025-05-20,10
CN11,2025-05-20,11
CN11,2025-05-20,12
CN11,2025-05-20,13
CN11,2025-05-20,14
CN11,2025-05-20,15
CN11,2025-05-20,16
CN11,2025-05-20,17
CN31,2025-05-20,8
CN31,2025-05-20,9
CN31,2025-05-20,10
CN31,2025-05-20,11
CN31,2025-05-20,12
CN31,2025-05-20,13
CN31,2025-05-20,14
CN31,2025-05-20,15
CN31,2025-05-20,16
CN31,2025-05-20,17
CN41,2025-05-20,8
CN41,2025-05-20,9
CN41,2025-05-20,10
CN41,2025-05-20,11
CN41,2025-05-20,12
CN41,2025-05-20,13
CN41,2025-05-20,14
CN41,2025-05-20,15
CN41,2025-05-20,16
CN41,2025-05-20,17
CN10,2025-05-21,8
CN10,2025-05-21,9
CN10,2025-05-21,10
CN10,2025-05-21,11
CN10,2025-05-21,12
CN10,2025-05-21,13
CN10,2025-05-21,14
CN10,2025-05-21,15
CN10,2025-05-21,16
CN10,2025-05-21,17
CN11,2025-05-21,8
CN11,2025-05-21,9
CN11,2025-05-21,10
CN11,2025-05-21,11
CN11,2025-05-21,12
CN11,2025-05-21,13
CN11,2025-05-21,14
CN11,2025-05-21,15
CN11,2025-05-21,16
CN11,2025-05-21,17
CN31,2025-05-21,8
CN31,2025-05-21,9
CN31,2025-05-21,10
CN31,2025-05-21,11
CN31,2025-05-21,12
CN31,2025-05-21,13
CN31,2025-05-21,14
CN31,2025-05-21,15
CN31,2025-05-21,16
CN31,2025-05-21,17
CN41,2025-05-21,8
CN41,2025-05-21,9
CN41,2025-05-21,10
CN41,2025-05-21,11
CN41,2025-05-21,12
CN41,2025-05-21,13
CN41,2025-05-21,14
CN41,2025-05-21,15
CN41,2025-05-21,16
CN41,2025-05-21,17
CN10,2025-05-22,8
CN10,2025-05-22,9
CN10,2025-05-22,10
CN10,2025-05-22,11
CN10,2025-05-22,12
CN10,2025-05-22,13
CN10,2025-05-22,14
CN10,2025-05-22,15
CN10,2025-05-22,16
CN10,2025-05-22,17
CN11,2025-05-22,8
CN11,2025-05-22,9
CN11,2025-05-22,10
CN11,2025-05-22,11
CN11,2025-05-22,12
CN11,2025-05-22,13
CN11,2025-05-22,14
CN11,2025-05-22,15
CN11,2025-05-22,16
CN11,2025-05-22,17
CN31,2025-05-22,8
CN31,2025-05-22,9
CN31,2025-05-22,10
CN31,2025-05-22,11
CN31,2025-05-22,12
CN31,2025-05-22,13
CN31,2025-05-22,14
CN31,2025-05-22,15
CN31,2025-05-22,16
CN31,2025-05-22,17
CN41,2025-05-22,8
CN41,2025-05-22,9
CN41,2025-05-22,10
CN41,2025-05-22,11
CN41,2025-05-22,12
CN41,2025-05-22,13
CN41,2025-05-22,14
CN41,2025-05-22,15
CN41,2025-05-22,16
CN41,2025-05-22,17
CN10,2025-05-23,8
CN10,2025-05-23,9
CN10,2025-05-23,10
CN10,2025-05-23,11
CN10,2025-05-23,12
CN10,2025-05-23,13
CN10,2025-05-23,14
CN10,2025-05-23,15
CN10,2025-05-23,16
CN10,2025-05-23,17
CN11,2025-05-23,8
CN11,2025-05-23,9
CN11,2025-05-23,10
CN11,2025-05-23,11
CN11,2025-05-23,12
CN11,2025-05-23,13
CN11,2025-05-23,14
CN11,2025-05-23,15
CN11,2025-05-23,16
CN11,2025-05-23,17
CN31,2025-05-23,8
CN31,2025-05-23,9
CN31,2025-05-23,10
CN31,2025-05-23,11
CN31,2025-05-23,12
CN31,2025-05-23,13
CN31,2025-05-23,14
CN31,2025-05-23,15
CN31,2025-05-23,16
CN31,2025-05-23,17
CN41,2025-05-23,8
CN41,2025-05-23,9
CN41,2025-05-23,10
CN41,2025-05-23,11
CN41,2025-05-23,12
CN41,2025-05-23,13
CN41,2025-05-23,14
CN41,2025-05-23,15
CN41,2025-05-23,16
CN41,2025-05-23,17
CN10,2025-05-26,8
CN10,2025-05-26,9
CN10,2025-05-26,10
CN10,2025-05-26,11
CN10,2025-05-26,12
CN10,2025-05-26,13
CN10,2025-05-26,14
CN10,2025-05-26,15
CN10,2025-05-26,16
CN10,2025-05-26,17
CN11,2025-05-26,8
CN11,2025-05-26,9
CN11,2025-05-26,10
CN11,2025-05-26,11
CN11,2025-05-26,12
CN11,2025-05-26,13
CN11,2025-05-26,14
CN11,2025-05-26,15
CN11,2025-05-26,16
CN11,2025-05-26,17
CN31,2025-05-26,8
CN31,2025-05-26,9
CN31,2025-05-26,10
CN31,2025-05-26,11
CN31,2025-05-26,12
CN31,2025-05-26,13
CN31,2025-05-26,14
CN31,2025-05-26,15
CN31,2025-05-26,16
CN31,2025-05-26,17
CN41,2025-05-26,8
CN41,2025-05-26,9
CN41,2025-05-26,10
CN41,2025-05-26,11
CN41,2025-05-26,12
CN41,2025-05-26,13
CN41,2025-05-26,14
CN41,2025-05-26,15
CN41,2025-05-26,16
CN41,2025-05-26,17
CN10,2025-05-27,8
CN10,2025-05-27,9
CN10,2025-05-27,10
CN10,2025-05-27,11
CN10,2025-05-27,12
CN10,2025-05-27,13
CN10,2025-05-27,14
CN10,2025-05-27,15
CN10,2025-05-27,16
CN10,2025-05-27,17
CN11,2025-05-27,8
CN11,2025-05-27,9
CN11,2025-05-27,10
CN11,2025-05-27,11
CN11,2025-05-27,12
CN11,2025-05-27,13
CN11,2025-05-27,14
CN11,2025-05-27,15
CN11,2025-05-27,16
CN11,2025-05-27,17
CN31,2025-05-27,8
CN31,2025-05-27,9
CN31,2025-05-27,10
CN31,2025-05-27,11
CN31,2025-05-27,12
CN31,2025-05-27,13
CN31,2025-05-27,14
CN31,2025-05-27,15
CN31,2025-05-27,16
CN31,2025-05-27,17
CN41,2025-05-27,8
CN41,2025-05-27,9
CN41,2025-05-27,10
CN41,2025-05-27,11
CN41,2025-05-27,12
CN41,2025-05-27,13
CN41,2025-05-27,14
CN41,2025-05-27,15
CN41,2025-05-27,16
CN41,2025-05-27,17
CN10,2025-05-28,8
CN10,2025-05-28,9
CN10,2025-05-28,10
CN10,2025-05-28,11
CN10,2025-05-28,12
CN10,2025-05-28,13
CN10,2025-05-28,14
CN10,2025-05-28,15
CN10,2025-05-28,16
CN10,2025-05-28,17
CN11,2025-05-28,8
CN11,2025-05-28,9
CN11,2025-05-28,10
CN11,2025-05-28,11
CN11,2025-05-28,12
CN11,2025-05-28,13
CN11,2025-05-28,14
CN11,2025-05-28,15
CN11,2025-05-28,16
CN11,2025-05-28,17
CN31,2025-05-28,8
CN31,2025-05-28,9
CN31,2025-05-28,10
CN31,2025-05-28,11
CN31,2025-05-28,12
CN31,2025-05-28,13
CN31,2025-05-28,14
CN31,2025-05-28,15
CN31,2025-05-28,16
CN31,2025-05-28,17
CN41,2025-05-28,8
CN41,2025-05-28,9
CN41,2025-05-28,10
CN41,2025-05-28,11
CN41,2025-05-28,12
CN41,2025-05-28,13
CN41,2025-05-28,14
CN41,2025-05-28,15
CN41,2025-05-28,16
CN41,2025-05-28,17
CN10,2025-05-29,8
CN10,2025-05-29,9
CN10,2025-05-29,10
CN10,2025-05-29,11
CN10,2025-05-29,12
CN10,2025-05-29,13
CN10,2025-05-29,14
CN10,2025-05-29,15
CN10,2025-05-29,16
CN10,2025-05-29,17
CN11,2025-05-29,8
CN11,2025-05-29,9
CN11,2025-05-29,10
CN11,2025-05-29,11
CN11,2025-05-29,12
CN11,2025-05-29,13
CN11,2025-05-29,14
CN11,2025-05-29,15
CN11,2025-05-29,16
CN11,2025-05-29,17
CN31,2025-05-29,8
CN31,2025-05-29,9
CN31,2025-05-29,10
CN31,2025-05-29,11
CN31,2025-05-29,12
CN31,2025-05-29,13
CN31,2025-05-29,14
CN31,2025-05-29,15
CN31,2025-05-29,16
CN31,2025-05-29,17
CN41,2025-05-29,8
CN41,2025-05-29,9
CN41,2025-05-29,10
CN41,2025-05-29,11
CN41,2025-05-29,12
CN41,2025-05-29,13
CN41,2025-05-29,14
CN41,2025-05-29,15
CN41,2025-05-29,16
CN41,2025-05-29,17
CN10,2025-05-30,8
CN10,2025-05-30,9
CN10,2025-05-30,10
CN10,2025-05-30,11
CN10,2025-05-30,12
CN10,2025-05-30,13
CN10,2025-05-30,14
CN10,2025-05-30,15
CN10,2025-05-30,16
CN10,2025-05-30,17
CN11,2025-05-30,8
CN11,2025-05-30,9
CN11,2025-05-30,10
CN11,2025-05-30,11
CN11,2025-05-30,12
CN11,2025-05-30,13
CN11,2025-05-30,14
CN11,2025-05-30,15
CN11,2025-05-30,16
CN11,2025-05-30,17
CN31,2025-05-30,8
CN31,2025-05-30,9
CN31,2025-05-30,10
CN31,2025-05-30,11
CN31,2025-05-30,12
CN31,2025-05-30,13
CN31,2025-05-30,14
CN31,2025-05-30,15
CN31,2025-05-30,16
CN31,2025-05-30,17
CN41,2025-05-30,8
CN41,2025-05-30,9
CN41,2025-05-30,10
CN41,2025-05-30,11
CN41,2025-05-30,12
CN41,2025-05-30,13
CN41,2025-05-30,14
CN41,2025-05-30,15
CN41,2025-05-30,16
CN41,2025-05-30,17
