sample_date,site_id,censored_value,numeric_value
2023-10-04T00:00:00Z,XCN12,39,39
2023-10-04T00:00:00Z,XCN04,22,22
2023-10-04T00:00:00Z,ICS01,>150,450
2023-10-05T00:00:00Z,CN22,>150,450
2023-10-05T00:00:00Z,CN06,ND,0
2023-10-04T00:00:00Z,CN42,ND,0
2023-10-04T00:00:00Z,CN09,ND,0
2023-10-04T00:00:00Z,CN31,2,2
2023-10-04T00:00:00Z,CN12A,3,3
2023-10-04T00:00:00Z,ICS03,>150,450
2023-10-04T00:00:00Z,CN38,17,17
2023-10-04T00:00:00Z,XCN10,>150,450
2023-10-04T00:00:00Z,XCN02,6,6
2023-10-03T00:00:00Z,CS37,ND,0
2023-10-03T00:00:00Z,XCS13,23,23
2023-10-03T00:00:00Z,XCS14,5,5
2023-10-03T00:00:00Z,ICS06,55,55
2023-10-03T00:00:00Z,CS35,21,21
2023-10-03T00:00:00Z,XCS17,50,50
2023-10-03T00:00:00Z,CS03,3,3
2023-10-03T00:00:00Z,CS04,ND,0
2023-10-03T00:00:00Z,CS34,77,77
2023-10-03T00:00:00Z,ICS08,32,32
2023-10-03T00:00:00Z,CS13,ND,0
2023-10-03T00:00:00Z,CS17,5,5
2023-10-03T00:00:00Z,XCS18,8,8
2023-10-03T00:00:00Z,XCS30,30,30
2023-10-03T00:00:00Z,CS32,27,27
2023-10-03T00:00:00Z,CS31,ND,0
2023-10-03T00:00:00Z,ICS09,>150,450
2023-10-10T00:00:00Z,XCN12,2,2
2023-10-10T00:00:00Z,XCN04,4,4
2023-10-10T00:00:00Z,ICS01,13,13
2023-10-10T00:00:00Z,CN22,11,11
2023-10-10T00:00:00Z,CN06,ND,0
2023-10-10T00:00:00Z,CN42,ND,0
2023-10-10T00:00:00Z,CN09,ND,0
2023-10-10T00:00:00Z,CN31,6,6
2023-10-10T00:00:00Z,CN12A,78,78
2023-10-10T00:00:00Z,ICS03,>150,450
2023-10-10T00:00:00Z,CN38,ND,0
2023-10-10T00:00:00Z,XCN10,14,14
2023-10-10T00:00:00Z,XCN02,11,11
2023-10-11T00:00:00Z,CS37,ND,0
2023-10-11T00:00:00Z,XCS13,16,16
2023-10-11T00:00:00Z,XCS14,6,6
2023-10-11T00:00:00Z,ICS06,37,37
2023-10-11T00:00:00Z,CS35,12,12
2023-10-11T00:00:00Z,XCS17,>150,450
2023-10-11T00:00:00Z,CS03,3,3
2023-10-11T00:00:00Z,CS04,3,3
2023-10-11T00:00:00Z,CS34,24,24
2023-10-11T00:00:00Z,ICS08,22,22
2023-10-11T00:00:00Z,CS13,3,3
2023-10-11T00:00:00Z,CS17,ND,0
2023-10-11T00:00:00Z,XCS18,5,5
2023-10-11T00:00:00Z,XCS30,4,4
2023-10-11T00:00:00Z,CS32,123,123
2023-10-11T00:00:00Z,CS31,4,4
2023-10-11T00:00:00Z,ICS09,49,49
2023-10-18T00:00:00Z,XCN12,ND,0
2023-10-18T00:00:00Z,XCN04,>150,450
2023-10-18T00:00:00Z,ICS01,>150,450
2023-10-18T00:00:00Z,CN22,9,9
2023-10-18T00:00:00Z,CN06,ND,0
2023-10-18T00:00:00Z,CN42,ND,0
2023-10-18T00:00:00Z,CN09,ND,0
2023-10-18T00:00:00Z,CN31,10,10
2023-10-18T00:00:00Z,CN12A,ND,0
2023-10-18T00:00:00Z,ICS03,>150,450
2023-10-18T00:00:00Z,CN38,ND,0
2023-10-18T00:00:00Z,XCN10,ND,0
2023-10-18T00:00:00Z,XCN02,2,2
2023-10-17T00:00:00Z,CS37,ND,0
2023-10-17T00:00:00Z,XCS13,ND,0
2023-10-17T00:00:00Z,XCS14,>150,450
2023-10-17T00:00:00Z,ICS06,49,49
2023-10-17T00:00:00Z,CS35,1,1
2023-10-17T00:00:00Z,XCS17,ND,0
2023-10-17T00:00:00Z,CS03,ND,0
2023-10-17T00:00:00Z,CS04,ND,0
2023-10-17T00:00:00Z,CS34,ND,0
2023-10-17T00:00:00Z,ICS08,ND,0
2023-10-17T00:00:00Z,CS13,15,15
2023-10-17T00:00:00Z,CS17,ND,0
2023-10-17T00:00:00Z,XCS18,ND,0
2023-10-17T00:00:00Z,XCS30,21,21
2023-10-17T00:00:00Z,CS32,ND,0
2023-10-17T00:00:00Z,CS31,36,36
2023-10-17T00:00:00Z,ICS09,>150,450
2023-10-24T00:00:00Z,XCN12,32,32
2023-10-24T00:00:00Z,XCN04,>150,450
2023-10-24T00:00:00Z,ICS01,>150,450
2023-10-24T00:00:00Z,CN22,>150,450
2023-10-24T00:00:00Z,CN06,1,1
2023-10-24T00:00:00Z,CN42,33,33
2023-10-24T00:00:00Z,CN09,4,4
2023-10-24T00:00:00Z,CN31,1,1
2023-10-24T00:00:00Z,CN12A,>150,450
2023-10-24T00:00:00Z,ICS03,>150,450
2023-10-24T00:00:00Z,CN38,4,4
2023-10-24T00:00:00Z,XCN10,106,106
2023-10-24T00:00:00Z,XCN02,1,1
2023-10-25T00:00:00Z,CS37,ND,0
2023-10-25T00:00:00Z,XCS13,>150,450
2023-10-25T00:00:00Z,XCS14,12,12
2023-10-25T00:00:00Z,ICS06,>150,450
2023-10-25T00:00:00Z,CS35,20,20
2023-10-25T00:00:00Z,XCS17,>150,450
2023-10-25T00:00:00Z,CS03,ND,0
2023-10-25T00:00:00Z,CS04,11,11
2023-10-25T00:00:00Z,CS34,1,1
2023-10-25T00:00:00Z,ICS08,2,2
2023-10-25T00:00:00Z,CS13,2,2
2023-10-25T00:00:00Z,CS17,63,63
2023-10-25T00:00:00Z,XCS18,ND,0
2023-10-25T00:00:00Z,XCS30,>150,450
2023-10-25T00:00:00Z,CS32,11,11
2023-10-25T00:00:00Z,CS31,6,6
2023-10-25T00:00:00Z,ICS09,4,4
2023-11-01T00:00:00Z,XCN12,3,3
2023-11-01T00:00:00Z,XCN04,12,12
2023-11-01T00:00:00Z,ICS01,>150,450
2023-11-01T00:00:00Z,CN22,5,5
2023-11-01T00:00:00Z,CN06,1,1
2023-11-01T00:00:00Z,CN42,ND,0
2023-11-01T00:00:00Z,CN09,ND,0
2023-11-01T00:00:00Z,CN31,ND,0
2023-11-01T00:00:00Z,CN12A,6,6
2023-11-01T00:00:00Z,ICS03,>150,450
2023-11-01T00:00:00Z,CN38,ND,0
2023-11-01T00:00:00Z,XCN10,6,6
2023-11-01T00:00:00Z,XCN02,24,24
2023-10-31T00:00:00Z,CS37,ND,0
2023-10-31T00:00:00Z,XCS13,2,2
2023-10-31T00:00:00Z,XCS14,14,14
2023-10-31T00:00:00Z,ICS06,38,38
2023-10-31T00:00:00Z,CS35,12,12
2023-10-31T00:00:00Z,XCS17,>150,450
2023-10-31T00:00:00Z,CS03,3,3
2023-10-31T00:00:00Z,CS04,6,6
2023-10-31T00:00:00Z,CS34,26,26
2023-10-31T00:00:00Z,ICS08,5,5
2023-10-31T00:00:00Z,CS13,5,5
2023-10-31T00:00:00Z,CS17,1,1
2023-10-31T00:00:00Z,XCS18,33,33
2023-10-31T00:00:00Z,XCS30,>150,450
2023-10-31T00:00:00Z,CS32,>150,450
2023-10-31T00:00:00Z,CS31,5,5
2023-10-31T00:00:00Z,ICS09,>150,450
2023-11-07T00:00:00Z,XCN12,34,34
2023-11-07T00:00:00Z,XCN04,17,17
2023-11-07T00:00:00Z,ICS01,42,42
2023-11-07T00:00:00Z,CN22,5,5
2023-11-07T00:00:00Z,CN06,49,49
2023-11-07T00:00:00Z,CN42,69,69
2023-11-07T00:00:00Z,CN09,27,27
2023-11-07T00:00:00Z,CN31,17,17
2023-11-07T00:00:00Z,CN12A,9,9
2023-11-07T00:00:00Z,ICS03,>150,450
2023-11-07T00:00:00Z,CN38,8,8
2023-11-07T00:00:00Z,XCN10,>150,450
2023-11-07T00:00:00Z,XCN02,2,2
2023-11-08T00:00:00Z,CS37,ND,0
2023-11-08T00:00:00Z,XCS13,46,46
2023-11-08T00:00:00Z,XCS14,7,7
2023-11-08T00:00:00Z,ICS06,>150,450
2023-11-08T00:00:00Z,CS35,6,6
2023-11-08T00:00:00Z,XCS17,>150,450
2023-11-08T00:00:00Z,CS03,ND,0
2023-11-08T00:00:00Z,CS04,ND,0
2023-11-08T00:00:00Z,CS34,ND,0
2023-11-08T00:00:00Z,ICS08,ND,0
2023-11-08T00:00:00Z,CS13,4,4
2023-11-08T00:00:00Z,CS17,ND,0
2023-11-08T00:00:00Z,XCS18,ND,0
2023-11-08T00:00:00Z,XCS30,ND,0
2023-11-08T00:00:00Z,CS32,>150,450
2023-11-08T00:00:00Z,CS31,19,19
2023-11-08T00:00:00Z,ICS09,91,91
2023-11-15T00:00:00Z,XCN12,5,5
2023-11-15T00:00:00Z,XCN04,3,3
2023-11-15T00:00:00Z,ICS01,16,16
2023-11-15T00:00:00Z,CN22,2,2
2023-11-15T00:00:00Z,CN06,2,2
2023-11-15T00:00:00Z,CN42,ND,0
2023-11-15T00:00:00Z,CN09,3,3
2023-11-15T00:00:00Z,CN31,ND,0
2023-11-15T00:00:00Z,CN12A,ND,0
2023-11-15T00:00:00Z,ICS03,11100,11100
2023-11-15T00:00:00Z,CN38,ND,0
2023-11-15T00:00:00Z,XCN10,118,118
2023-11-15T00:00:00Z,XCN02,ND,0
2023-11-14T00:00:00Z,CS37,ND,0
2023-11-14T00:00:00Z,XCS13,5,5
2023-11-14T00:00:00Z,XCS14,109,109
2023-11-14T00:00:00Z,ICS06,36,36
2023-11-14T00:00:00Z,CS35,7,7
2023-11-14T00:00:00Z,XCS17,>150,450
2023-11-14T00:00:00Z,CS03,ND,0
2023-11-14T00:00:00Z,CS04,ND,0
2023-11-14T00:00:00Z,CS34,ND,0
2023-11-14T00:00:00Z,ICS08,13,13
2023-11-14T00:00:00Z,CS13,ND,0
2023-11-14T00:00:00Z,CS17,ND,0
2023-11-14T00:00:00Z,XCS18,2,2
2023-11-14T00:00:00Z,XCS30,79,79
2023-11-14T00:00:00Z,CS32,6,6
2023-11-14T00:00:00Z,CS31,ND,0
2023-11-14T00:00:00Z,ICS09,13,13
2023-11-21T00:00:00Z,XCN12,42,42
2023-11-21T00:00:00Z,XCN04,47,47
2023-11-21T00:00:00Z,ICS01,>1500,4500
2023-11-21T00:00:00Z,CN22,71,71
2023-11-21T00:00:00Z,CN06,12,12
2023-11-21T00:00:00Z,CN42,>150,450
2023-11-21T00:00:00Z,CN09,60,60
2023-11-21T00:00:00Z,CN31,31,31
2023-11-21T00:00:00Z,CN12A,38,38
2023-11-21T00:00:00Z,ICS03,>1500,4500
2023-11-21T00:00:00Z,CN38,>150,450
2023-11-21T00:00:00Z,XCN10,>150,450
2023-11-21T00:00:00Z,XCN02,>150,450
2023-11-22T00:00:00Z,CS37,ND,0
2023-11-22T00:00:00Z,XCS13,ND,0
2023-11-22T00:00:00Z,XCS14,ND,0
2023-11-22T00:00:00Z,ICS06,68,68
2023-11-22T00:00:00Z,CS35,>150,450
2023-11-22T00:00:00Z,XCS17,>150,450
2023-11-22T00:00:00Z,CS03,>150,450
2023-11-22T00:00:00Z,CS04,>150,450
2023-11-22T00:00:00Z,CS34,>150,450
2023-11-22T00:00:00Z,ICS08,>150,450
2023-11-22T00:00:00Z,CS13,>150,450
2023-11-22T00:00:00Z,CS17,>150,450
2023-11-22T00:00:00Z,XCS18,>150,450
2023-11-22T00:00:00Z,XCS30,>150,450
2023-11-22T00:00:00Z,CS32,>1500,4500
2023-11-22T00:00:00Z,CS31,>1500,4500
2023-11-22T00:00:00Z,ICS09,>150,450
2023-11-29T00:00:00Z,XCN12,27,27
2023-11-29T00:00:00Z,XCN04,1,1
2023-11-29T00:00:00Z,XCN04,ND,0
2023-11-29T00:00:00Z,XCN04,4,4
2023-11-29T00:00:00Z,ICS01,920,920
2023-11-29T00:00:00Z,ICS01,1030,1030
2023-11-29T00:00:00Z,ICS01,1410,1410
2023-11-29T00:00:00Z,CN22,4,4
2023-11-29T00:00:00Z,CN22,6,6
2023-11-29T00:00:00Z,CN22,12,12
2023-11-29T00:00:00Z,CN06,ND,0
2023-11-29T00:00:00Z,CN42,ND,0
2023-11-29T00:00:00Z,CN09,ND,0
2023-11-29T00:00:00Z,CN31,ND,0
2023-11-29T00:00:00Z,CN31,ND,0
2023-11-29T00:00:00Z,CN31,ND,0
2023-11-29T00:00:00Z,CN12A,1,1
2023-11-29T00:00:00Z,CN12A,ND,0
2023-11-29T00:00:00Z,CN12A,ND,0
2023-11-29T00:00:00Z,ICS03,940,940
2023-11-29T00:00:00Z,ICS03,>1500,4500
2023-11-29T00:00:00Z,ICS03,>1500,4500
2023-11-29T00:00:00Z,CN38,ND,0
2023-11-29T00:00:00Z,XCN10,ND,0
2023-11-29T00:00:00Z,XCN02,3,3
2023-11-28T00:00:00Z,CS37,3,3
2023-11-28T00:00:00Z,XCS13,6,6
2023-11-28T00:00:00Z,XCS14,6,6
2023-11-28T00:00:00Z,ICS06,102,102
2023-11-28T00:00:00Z,CS35,11,11
2023-11-28T00:00:00Z,XCS17,>150,450
2023-11-28T00:00:00Z,CS03,1,1
2023-11-28T00:00:00Z,CS04,1,1
2023-11-28T00:00:00Z,CS34,14,14
2023-11-28T00:00:00Z,ICS08,18,18
2023-11-28T00:00:00Z,CS13,38,38
2023-11-28T00:00:00Z,CS17,2,2
2023-11-28T00:00:00Z,XCS18,6,6
2023-11-28T00:00:00Z,XCS30,ND,0
2023-11-28T00:00:00Z,CS32,ND,0
2023-11-28T00:00:00Z,CS32,ND,0
2023-11-28T00:00:00Z,CS32,ND,0
2023-11-28T00:00:00Z,CS31,41,41
2023-11-28T00:00:00Z,CS31,ND,0
2023-11-28T00:00:00Z,CS31,15,15
2023-11-28T00:00:00Z,ICS09,20,20
2023-12-05T00:00:00Z,XCN12,ND,0
2023-12-05T00:00:00Z,XCN04,ND,0
2023-12-05T00:00:00Z,XCN04,ND,0
2023-12-05T00:00:00Z,XCN04,ND,0
2023-12-05T00:00:00Z,ICS01,ND,0
2023-12-05T00:00:00Z,ICS01,6,6
2023-12-05T00:00:00Z,ICS01,6,6
2023-12-05T00:00:00Z,CN22,111,111
2023-12-05T00:00:00Z,CN22,129,129
2023-12-05T00:00:00Z,CN22,88,88
2023-12-05T00:00:00Z,CN06,9,9
2023-12-05T00:00:00Z,CN42,ND,0
2023-12-05T00:00:00Z,CN09,ND,0
2023-12-05T00:00:00Z,CN31,8,8
2023-12-05T00:00:00Z,CN31,3,3
2023-12-05T00:00:00Z,CN31,ND,0
2023-12-05T00:00:00Z,CN12A,55,55
2023-12-05T00:00:00Z,CN12A,ND,0
2023-12-05T00:00:00Z,CN12A,ND,0
2023-12-05T00:00:00Z,ICS03,>1500,4500
2023-12-05T00:00:00Z,ICS03,>1500,4500
2023-12-05T00:00:00Z,ICS03,>1500,4500
2023-12-05T00:00:00Z,CN38,ND,0
2023-12-05T00:00:00Z,XCN10,101,101
2023-12-05T00:00:00Z,XCN02,2,2
2023-12-06T00:00:00Z,CS37,ND,0
2023-12-06T00:00:00Z,XCS13,30,30
2023-12-06T00:00:00Z,XCS14,>150,450
2023-12-06T00:00:00Z,ICS06,11,11
2023-12-06T00:00:00Z,CS35,3,3
2023-12-06T00:00:00Z,XCS17,>150,450
2023-12-06T00:00:00Z,CS03,17,17
2023-12-06T00:00:00Z,CS04,13,13
2023-12-06T00:00:00Z,CS34,24,24
2023-12-06T00:00:00Z,ICS08,58,58
2023-12-06T00:00:00Z,CS13,15,15
2023-12-06T00:00:00Z,CS17,ND,0
2023-12-06T00:00:00Z,XCS18,ND,0
2023-12-06T00:00:00Z,XCS30,>150,450
2023-12-06T00:00:00Z,CS32,80,80
2023-12-06T00:00:00Z,CS32,76,76
2023-12-06T00:00:00Z,CS32,68,68
2023-12-06T00:00:00Z,CS31,11,11
2023-12-06T00:00:00Z,CS31,15,15
2023-12-06T00:00:00Z,CS31,9,9
2023-12-06T00:00:00Z,ICS09,30,30
2024-01-11T00:00:00Z,XCN12,2,2
2024-01-11T00:00:00Z,XCN04,1,1
2024-01-11T00:00:00Z,ICS01,>150,450
2024-01-11T00:00:00Z,CN22,ND,0
2024-01-11T00:00:00Z,CN06,ND,0
2024-01-11T00:00:00Z,CN42,ND,0
2024-01-11T00:00:00Z,CN09,9,9
2024-01-11T00:00:00Z,CN31,ND,0
2024-01-11T00:00:00Z,CN12A,1,1
2024-01-11T00:00:00Z,ICS03,>150,450
2024-01-11T00:00:00Z,CN38,73,73
2024-01-11T00:00:00Z,XCN10,5,5
2024-01-11T00:00:00Z,XCN02,21,21
2024-01-10T00:00:00Z,CS37,ND,0
2024-01-10T00:00:00Z,XCS13,61,61
2024-01-10T00:00:00Z,XCS14,3,3
2024-01-10T00:00:00Z,ICS06,>150,450
2024-01-10T00:00:00Z,CS35,ND,0
2024-01-10T00:00:00Z,XCS17,>150,450
2024-01-10T00:00:00Z,CS03,ND,0
2024-01-10T00:00:00Z,CS04,2,2
2024-01-10T00:00:00Z,CS34,11,11
2024-01-10T00:00:00Z,ICS08,9,9
2024-01-10T00:00:00Z,CS13,3,3
2024-01-10T00:00:00Z,CS17,2,2
2024-01-10T00:00:00Z,XCS18,9,9
2024-01-10T00:00:00Z,XCS30,>150,450
2024-01-10T00:00:00Z,CS32,2,2
2024-01-10T00:00:00Z,CS31,1,1
2024-01-10T00:00:00Z,ICS09,2,2
2024-01-17T00:00:00Z,XCN12,ND,0
2024-01-17T00:00:00Z,XCN04,ND,0
2024-01-17T00:00:00Z,ICS01,7,7
2024-01-17T00:00:00Z,CN22,ND,0
2024-01-17T00:00:00Z,CN06,ND,0
2024-01-17T00:00:00Z,CN42,ND,0
2024-01-17T00:00:00Z,CN09,ND,0
2024-01-17T00:00:00Z,CN31,ND,0
2024-01-17T00:00:00Z,CN12A,ND,0
2024-01-17T00:00:00Z,ICS03,>150,450
2024-01-17T00:00:00Z,CN38,ND,0
2024-01-17T00:00:00Z,XCN10,7,7
2024-01-17T00:00:00Z,XCN02,2,2
2024-01-16T00:00:00Z,CS37,3,3
2024-01-16T00:00:00Z,XCS13,11,11
2024-01-16T00:00:00Z,XCS14,ND,0
2024-01-16T00:00:00Z,ICS06,8,8
2024-01-16T00:00:00Z,CS35,ND,0
2024-01-16T00:00:00Z,XCS17,>150,450
2024-01-16T00:00:00Z,CS03,ND,0
2024-01-16T00:00:00Z,CS04,9,9
2024-01-16T00:00:00Z,CS34,13,13
2024-01-16T00:00:00Z,ICS08,9,9
2024-01-16T00:00:00Z,CS13,13,13
2024-01-16T00:00:00Z,CS17,ND,0
2024-01-16T00:00:00Z,XCS18,ND,0
2024-01-16T00:00:00Z,XCS30,14,14
2024-01-16T00:00:00Z,CS32,ND,0
2024-01-16T00:00:00Z,CS31,ND,0
2024-01-16T00:00:00Z,ICS09,2,2
2024-01-24T00:00:00Z,XCN12,ND,0
2024-01-24T00:00:00Z,XCN04,>150,450
2024-01-24T00:00:00Z,ICS01,>150,450
2024-01-24T00:00:00Z,CN22,>150,450
2024-01-24T00:00:00Z,CN06,ND,0
2024-01-24T00:00:00Z,CN42,8,8
2024-01-24T00:00:00Z,CN09,ND,0
2024-01-24T00:00:00Z,CN31,ND,0
2024-01-24T00:00:00Z,CN12A,ND,0
2024-01-24T00:00:00Z,ICS03,>150,450
2024-01-24T00:00:00Z,CN38,ND,0
2024-01-24T00:00:00Z,XCN10,ND,0
2024-01-24T00:00:00Z,XCN02,ND,0
2024-01-23T00:00:00Z,CS37,ND,0
2024-01-23T00:00:00Z,XCS13,142,142
2024-01-23T00:00:00Z,XCS14,94,94
2024-01-23T00:00:00Z,ICS06,76,76
2024-01-23T00:00:00Z,CS35,20,20
2024-01-23T00:00:00Z,XCS17,>150,450
2024-01-23T00:00:00Z,CS03,2,2
2024-01-23T00:00:00Z,CS04,12,12
2024-01-23T00:00:00Z,CS34,4,4
2024-01-23T00:00:00Z,ICS08,ND,0
2024-01-23T00:00:00Z,CS13,26,26
2024-01-23T00:00:00Z,CS17,ND,0
2024-01-23T00:00:00Z,XCS18,ND,0
2024-01-23T00:00:00Z,XCS30,27,27
2024-01-23T00:00:00Z,CS32,2,2
2024-01-23T00:00:00Z,CS31,ND,0
2024-01-23T00:00:00Z,ICS09,ND,0
2024-01-31T00:00:00Z,XCN12,ND,0
2024-01-31T00:00:00Z,XCN04,2,2
2024-01-31T00:00:00Z,ICS01,>150,450
2024-01-31T00:00:00Z,CN22,1,1
2024-01-31T00:00:00Z,CN06,ND,0
2024-01-31T00:00:00Z,CN42,2,2
2024-01-31T00:00:00Z,CN09,ND,0
2024-01-31T00:00:00Z,CN31,ND,0
2024-01-31T00:00:00Z,CN12A,ND,0
2024-01-31T00:00:00Z,ICS03,>150,450
2024-01-31T00:00:00Z,CN38,2,2
2024-01-31T00:00:00Z,XCN10,22,22
2024-01-31T00:00:00Z,XCN02,1,1
2024-01-30T00:00:00Z,CS37,ND,0
2024-01-30T00:00:00Z,XCS13,11,11
2024-01-30T00:00:00Z,XCS14,15,15
2024-01-30T00:00:00Z,ICS06,ND,0
2024-01-30T00:00:00Z,CS35,7,7
2024-01-30T00:00:00Z,XCS17,>150,450
2024-01-30T00:00:00Z,CS03,3,3
2024-01-30T00:00:00Z,CS04,ND,0
2024-01-30T00:00:00Z,CS34,6,6
2024-01-30T00:00:00Z,ICS08,4,4
2024-01-30T00:00:00Z,CS13,>150,450
2024-01-30T00:00:00Z,CS17,>150,450
2024-01-30T00:00:00Z,XCS18,3,3
2024-01-30T00:00:00Z,XCS30,3,3
2024-01-30T00:00:00Z,CS32,26,26
2024-01-30T00:00:00Z,CS31,ND,0
2024-01-30T00:00:00Z,ICS09,107,107
2024-02-06T00:00:00Z,XCN12,6,6
2024-02-06T00:00:00Z,XCN04,2,2
2024-02-06T00:00:00Z,ICS01,25,25
2024-02-06T00:00:00Z,CN22,44,44
2024-02-06T00:00:00Z,CN06,12,12
2024-02-06T00:00:00Z,CN42,ND,0
2024-02-06T00:00:00Z,CN09,6,6
2024-02-06T00:00:00Z,CN31,1,1
2024-02-06T00:00:00Z,CN12A,1,1
2024-02-06T00:00:00Z,ICS03,>150,450
2024-02-06T00:00:00Z,CN38,ND,0
2024-02-06T00:00:00Z,XCN10,ND,0
2024-02-06T00:00:00Z,XCN02,4,4
2024-02-07T00:00:00Z,CS37,2,2
2024-02-07T00:00:00Z,XCS13,7,7
2024-02-07T00:00:00Z,XCS14,4,4
2024-02-07T00:00:00Z,ICS06,6,6
2024-02-07T00:00:00Z,CS35,>150,450
2024-02-07T00:00:00Z,XCS17,75,75
2024-02-07T00:00:00Z,CS03,2,2
2024-02-07T00:00:00Z,CS04,53,53
2024-02-07T00:00:00Z,CS34,7,7
2024-02-07T00:00:00Z,ICS08,>150,450
2024-02-07T00:00:00Z,CS13,4,4
2024-02-07T00:00:00Z,CS17,ND,0
2024-02-07T00:00:00Z,XCS18,7,7
2024-02-07T00:00:00Z,XCS30,ND,0
2024-02-07T00:00:00Z,CS32,>150,450
2024-02-07T00:00:00Z,CS31,ND,0
2024-02-07T00:00:00Z,ICS09,6,6
2024-02-14T00:00:00Z,XCN12,ND,0
2024-02-14T00:00:00Z,XCN04,>150,450
2024-02-14T00:00:00Z,ICS01,>150,450
2024-02-14T00:00:00Z,CN22,>150,450
2024-02-14T00:00:00Z,CN06,2,2
2024-02-14T00:00:00Z,CN42,4,4
2024-02-14T00:00:00Z,CN09,ND,0
2024-02-14T00:00:00Z,CN31,ND,0
2024-02-14T00:00:00Z,CN12A,ND,0
2024-02-14T00:00:00Z,ICS03,>150,450
2024-02-14T00:00:00Z,CN41,ND,0
2024-02-14T00:00:00Z,XCN03,6,6
2024-02-14T00:00:00Z,XCN10,29,29
2024-02-14T00:00:00Z,XCN02,3,3
2024-02-13T00:00:00Z,XCS13,7,7
2024-02-13T00:00:00Z,XCS14,ND,0
2024-02-13T00:00:00Z,ICS06,>150,450
2024-02-13T00:00:00Z,CS35,10,10
2024-02-13T00:00:00Z,XCS17,>150,450
2024-02-13T00:00:00Z,CS03,ND,0
2024-02-13T00:00:00Z,CS04,ND,0
2024-02-13T00:00:00Z,CS34,26,26
2024-02-13T00:00:00Z,ICS08,10,10
2024-02-13T00:00:00Z,CS12,>150,450
2024-02-13T00:00:00Z,CS17,ND,0
2024-02-13T00:00:00Z,XCS18,ND,0
2024-02-13T00:00:00Z,XCS30,ND,0
2024-02-13T00:00:00Z,CS32,ND,0
2024-02-13T00:00:00Z,CS31,ND,0
2024-02-13T00:00:00Z,ICS09,101,101
2024-02-20T00:00:00Z,XCN12,ND,0
2024-02-20T00:00:00Z,XCN04,11,11
2024-02-20T00:00:00Z,ICS01,53,53
2024-02-20T00:00:00Z,CN22,66,66
2024-02-20T00:00:00Z,CN06,8,8
2024-02-20T00:00:00Z,CN42,ND,0
2024-02-20T00:00:00Z,CN09,3,3
2024-02-20T00:00:00Z,CN31,23,23
2024-02-20T00:00:00Z,CN12A,13,13
2024-02-20T00:00:00Z,ICS03,>150,450
2024-02-20T00:00:00Z,CN41,>150,450
2024-02-20T00:00:00Z,XCN03,ND,0
2024-02-20T00:00:00Z,XCN10,14,14
2024-02-20T00:00:00Z,XCN02,6,6
2024-02-21T00:00:00Z,XCS13,125,125
2024-02-21T00:00:00Z,XCS14,18,18
2024-02-21T00:00:00Z,ICS06,>150,450
2024-02-21T00:00:00Z,CS35,ND,0
2024-02-21T00:00:00Z,XCS17,>150,450
2024-02-21T00:00:00Z,CS03,13,13
2024-02-21T00:00:00Z,CS04,13,13
2024-02-21T00:00:00Z,CS34,2,2
2024-02-21T00:00:00Z,ICS08,ND,0
2024-02-21T00:00:00Z,CS12,ND,0
2024-02-21T00:00:00Z,CS17,8,8
2024-02-21T00:00:00Z,XCS18,27,27
2024-02-21T00:00:00Z,XCS30,11,11
2024-02-21T00:00:00Z,CS32,>150,450
2024-02-21T00:00:00Z,CS31,8,8
2024-02-21T00:00:00Z,ICS09,44,44
2024-02-28T00:00:00Z,XCN12,1,1
2024-02-28T00:00:00Z,XCN04,15,15
2024-02-28T00:00:00Z,ICS01,>150,450
2024-02-28T00:00:00Z,CN22,28,28
2024-02-28T00:00:00Z,CN06,ND,0
2024-02-28T00:00:00Z,CN42,2,2
2024-02-28T00:00:00Z,CN09,32,32
2024-02-28T00:00:00Z,CN31,ND,0
2024-02-28T00:00:00Z,CN12A,ND,0
2024-02-28T00:00:00Z,ICS03,>150,450
2024-02-28T00:00:00Z,CN41,4,4
2024-02-28T00:00:00Z,XCN03,ND,0
2024-02-28T00:00:00Z,XCN10,ND,0
2024-02-28T00:00:00Z,XCN02,3,3
2024-02-27T00:00:00Z,XCS13,33,33
2024-02-27T00:00:00Z,XCS14,37,37
2024-02-27T00:00:00Z,ICS06,48,48
2024-02-27T00:00:00Z,CS35,2,2
2024-02-27T00:00:00Z,XCS17,>150,450
2024-02-27T00:00:00Z,CS03,ND,0
2024-02-27T00:00:00Z,CS04,2,2
2024-02-27T00:00:00Z,CS34,4,4
2024-02-27T00:00:00Z,ICS08,5,5
2024-02-27T00:00:00Z,CS12,71,71
2024-02-27T00:00:00Z,CS17,ND,0
2024-02-27T00:00:00Z,XCS18,37,37
2024-02-27T00:00:00Z,XCS30,>150,450
2024-02-27T00:00:00Z,CS32,>150,450
2024-02-27T00:00:00Z,CS31,36,36
2024-02-27T00:00:00Z,ICS09,17,17
2024-03-05T00:00:00Z,XCN12,1,1
2024-03-05T00:00:00Z,XCN04,56,56
2024-03-05T00:00:00Z,ICS01,101,101
2024-03-05T00:00:00Z,CN22,80,80
2024-03-05T00:00:00Z,CN06,66,66
2024-03-05T00:00:00Z,CN42,ND,0
2024-03-05T00:00:00Z,CN09,ND,0
2024-03-05T00:00:00Z,CN31,8,8
2024-03-05T00:00:00Z,CN12A,ND,0
2024-03-05T00:00:00Z,ICS03,>1500,4500
2024-03-05T00:00:00Z,CN41,ND,0
2024-03-05T00:00:00Z,XCN03,ND,0
2024-03-05T00:00:00Z,XCN10,12,12
2024-03-05T00:00:00Z,XCN02,ND,0
2024-03-06T00:00:00Z,XCS13,11,11
2024-03-06T00:00:00Z,XCS14,8,8
2024-03-06T00:00:00Z,ICS06,26,26
2024-03-06T00:00:00Z,CS35,ND,0
2024-03-06T00:00:00Z,XCS17,>150,450
2024-03-06T00:00:00Z,CS03,25,25
2024-03-06T00:00:00Z,CS04,4,4
2024-03-06T00:00:00Z,CS34,3,3
2024-03-06T00:00:00Z,ICS08,ND,0
2024-03-06T00:00:00Z,CS12,14,14
2024-03-06T00:00:00Z,CS17,7,7
2024-03-06T00:00:00Z,XCS18,ND,0
2024-03-06T00:00:00Z,XCS30,390,390
2024-03-06T00:00:00Z,CS32,20,20
2024-03-06T00:00:00Z,CS31,ND,0
2024-03-06T00:00:00Z,ICS09,210,210
2024-03-12T00:00:00Z,XCN12,10,10
2024-03-12T00:00:00Z,XCN04,34,34
2024-03-12T00:00:00Z,ICS01,>150,450
2024-03-12T00:00:00Z,CN22,33,33
2024-03-12T00:00:00Z,CN06,ND,0
2024-03-12T00:00:00Z,CN42,ND,0
2024-03-12T00:00:00Z,CN09,9,9
2024-03-12T00:00:00Z,CN31,ND,0
2024-03-12T00:00:00Z,CN12A,ND,0
2024-03-12T00:00:00Z,ICS03,>150,450
2024-03-12T00:00:00Z,CN41,ND,0
2024-03-12T00:00:00Z,XCN03,ND,0
2024-03-12T00:00:00Z,XCN10,855,855
2024-03-12T00:00:00Z,XCN02,ND,0
2024-03-13T00:00:00Z,XCS13,112,112
2024-03-13T00:00:00Z,XCS14,31,31
2024-03-13T00:00:00Z,ICS06,12,12
2024-03-13T00:00:00Z,CS35,1,1
2024-03-13T00:00:00Z,XCS17,>150,450
2024-03-13T00:00:00Z,CS03,ND,0
2024-03-13T00:00:00Z,CS04,1,1
2024-03-13T00:00:00Z,CS34,80,80
2024-03-13T00:00:00Z,ICS08,64,64
2024-03-13T00:00:00Z,CS12,6,6
2024-03-13T00:00:00Z,CS17,16,16
2024-03-13T00:00:00Z,XCS18,9,9
2024-03-13T00:00:00Z,XCS30,14,14
2024-03-13T00:00:00Z,CS32,1254,1254
2024-03-13T00:00:00Z,CS31,9,9
2024-03-13T00:00:00Z,ICS09,36,36
2024-03-20T00:00:00Z,XCN12,ND,0
2024-03-20T00:00:00Z,XCN04,ND,0
2024-03-20T00:00:00Z,ICS01,127,127
2024-03-20T00:00:00Z,CN22,65,65
2024-03-20T00:00:00Z,CN06,ND,0
2024-03-20T00:00:00Z,CN42,ND,0
2024-03-20T00:00:00Z,CN09,13,13
2024-03-20T00:00:00Z,CN31,ND,0
2024-03-20T00:00:00Z,CN12A,ND,0
2024-03-20T00:00:00Z,ICS03,>150,450
2024-03-20T00:00:00Z,CN41,ND,0
2024-03-20T00:00:00Z,XCN03,ND,0
2024-03-20T00:00:00Z,XCN10,25,25
2024-03-20T00:00:00Z,XCN02,ND,0
2024-03-19T00:00:00Z,XCS13,3,3
2024-03-19T00:00:00Z,XCS14,9,9
2024-03-19T00:00:00Z,ICS06,6,6
2024-03-19T00:00:00Z,CS35,2,2
2024-03-19T00:00:00Z,XCS17,55,55
2024-03-19T00:00:00Z,CS03,8,8
2024-03-19T00:00:00Z,CS04,ND,0
2024-03-19T00:00:00Z,CS34,ND,0
2024-03-19T00:00:00Z,ICS08,ND,0
2024-03-19T00:00:00Z,CS12,27,27
2024-03-19T00:00:00Z,CS17,ND,0
2024-03-19T00:00:00Z,XCS18,>150,450
2024-03-19T00:00:00Z,XCS30,29,29
2024-03-19T00:00:00Z,CS32,9,9
2024-03-19T00:00:00Z,CS31,32,32
2024-03-19T00:00:00Z,ICS09,31,31
2024-03-26T00:00:00Z,XCN12,ND,0
2024-03-26T00:00:00Z,XCN04,9,9
2024-03-26T00:00:00Z,ICS01,59,59
2024-03-26T00:00:00Z,CN22,58,58
2024-03-26T00:00:00Z,CN06,ND,0
2024-03-26T00:00:00Z,CN42,ND,0
2024-03-26T00:00:00Z,CN09,ND,0
2024-03-26T00:00:00Z,CN31,ND,0
2024-03-26T00:00:00Z,CN12A,ND,0
2024-03-26T00:00:00Z,ICS03,>150,450
2024-03-26T00:00:00Z,CN41,ND,0
2024-03-26T00:00:00Z,XCN03,ND,0
2024-03-26T00:00:00Z,XCN10,23,23
2024-03-26T00:00:00Z,XCN02,5,5
2024-03-27T00:00:00Z,XCS13,ND,0
2024-03-27T00:00:00Z,XCS14,8,8
2024-03-27T00:00:00Z,ICS06,76,76
2024-03-27T00:00:00Z,CS35,ND,0
2024-03-27T00:00:00Z,XCS17,>1500,4500
2024-03-27T00:00:00Z,CS03,ND,0
2024-03-27T00:00:00Z,CS04,ND,0
2024-03-27T00:00:00Z,CS34,>150,450
2024-03-27T00:00:00Z,ICS08,15,15
2024-03-27T00:00:00Z,CS12,24,24
2024-03-27T00:00:00Z,CS17,17,17
2024-03-27T00:00:00Z,XCS18,34,34
2024-03-27T00:00:00Z,XCS30,530,530
2024-03-27T00:00:00Z,CS32,20,20
2024-03-27T00:00:00Z,CS31,3,3
2024-03-27T00:00:00Z,ICS09,6,6
2024-04-03T00:00:00Z,XCN12,ND,0
2024-04-03T00:00:00Z,XCN04,5,5
2024-04-03T00:00:00Z,ICS01,48,48
2024-04-03T00:00:00Z,CN22,77,77
2024-04-03T00:00:00Z,CN06,10,10
2024-04-03T00:00:00Z,CN42,ND,0
2024-04-03T00:00:00Z,CN09,ND,0
2024-04-03T00:00:00Z,CN31,1,1
2024-04-03T00:00:00Z,CN12A,6,6
2024-04-03T00:00:00Z,ICS03,>150,450
2024-04-03T00:00:00Z,CN41,ND,0
2024-04-03T00:00:00Z,XCN03,1,1
2024-04-03T00:00:00Z,XCN10,5,5
2024-04-03T00:00:00Z,XCN02,1,1
2024-04-02T00:00:00Z,XCS13,19,19
2024-04-02T00:00:00Z,XCS14,ND,0
2024-04-02T00:00:00Z,ICS06,ND,0
2024-04-02T00:00:00Z,CS35,ND,0
2024-04-02T00:00:00Z,XCS17,>150,450
2024-04-02T00:00:00Z,CS03,ND,0
2024-04-02T00:00:00Z,CS04,5,5
2024-04-02T00:00:00Z,CS34,7,7
2024-04-02T00:00:00Z,ICS08,26,26
2024-04-02T00:00:00Z,CS12,11,11
2024-04-02T00:00:00Z,CS17,ND,0
2024-04-02T00:00:00Z,XCS18,33,33
2024-04-02T00:00:00Z,XCS30,26,26
2024-04-02T00:00:00Z,CS32,47,47
2024-04-02T00:00:00Z,CS31,4,4
2024-04-02T00:00:00Z,ICS09,310,310
2024-04-10T00:00:00Z,XCN12,1,1
2024-04-10T00:00:00Z,XCN04,59,59
2024-04-10T00:00:00Z,ICS01,>150,450
2024-04-10T00:00:00Z,CN22,33,33
2024-04-10T00:00:00Z,CN06,8,8
2024-04-10T00:00:00Z,CN42,2,2
2024-04-10T00:00:00Z,CN09,28,28
2024-04-10T00:00:00Z,CN31,11,11
2024-04-10T00:00:00Z,CN12A,28,28
2024-04-10T00:00:00Z,ICS03,>150,450
2024-04-10T00:00:00Z,CN41,11,11
2024-04-10T00:00:00Z,XCN03,ND,0
2024-04-10T00:00:00Z,XCN10,325,325
2024-04-10T00:00:00Z,XCN02,12,12
2024-04-09T00:00:00Z,XCS13,350,350
2024-04-09T00:00:00Z,XCS14,385,385
2024-04-09T00:00:00Z,ICS06,113,113
2024-04-09T00:00:00Z,CS35,139,139
2024-04-09T00:00:00Z,XCS17,>150,450
2024-04-09T00:00:00Z,CS03,25,25
2024-04-09T00:00:00Z,CS04,8,8
2024-04-09T00:00:00Z,CS34,>150,450
2024-04-09T00:00:00Z,ICS08,>150,450
2024-04-09T00:00:00Z,CS12,145,145
2024-04-09T00:00:00Z,CS17,18,18
2024-04-09T00:00:00Z,XCS18,29,29
2024-04-09T00:00:00Z,XCS30,275,275
2024-04-09T00:00:00Z,CS32,>1500,4500
2024-04-09T00:00:00Z,CS31,>150,450
2024-04-09T00:00:00Z,ICS09,430,430
2024-04-17T00:00:00Z,XCN12,4,4
2024-04-17T00:00:00Z,XCN04,ND,0
2024-04-17T00:00:00Z,ICS01,135,135
2024-04-17T00:00:00Z,CN22,ND,0
2024-04-17T00:00:00Z,CN06,2,2
2024-04-17T00:00:00Z,CN42,ND,0
2024-04-17T00:00:00Z,CN09,ND,0
2024-04-17T00:00:00Z,CN31,ND,0
2024-04-17T00:00:00Z,CN12A,20,20
2024-04-17T00:00:00Z,ICS03,>150,450
2024-04-17T00:00:00Z,CN41,10,10
2024-04-17T00:00:00Z,XCN03,ND,0
2024-04-17T00:00:00Z,XCN10,5,5
2024-04-17T00:00:00Z,XCN02,ND,0
2024-04-18T00:00:00Z,XCS13,ND,0
2024-04-18T00:00:00Z,XCS14,ND,0
2024-04-18T00:00:00Z,ICS06,57,57
2024-04-18T00:00:00Z,CS35,21,21
2024-04-18T00:00:00Z,XCS17,>150,450
2024-04-18T00:00:00Z,CS03,ND,0
2024-04-18T00:00:00Z,CS04,ND,0
2024-04-18T00:00:00Z,CS34,39,39
2024-04-18T00:00:00Z,ICS08,18,18
2024-04-18T00:00:00Z,CS12,6,6
2024-04-18T00:00:00Z,CS17,2,2
2024-04-18T00:00:00Z,XCS18,6,6
2024-04-18T00:00:00Z,XCS30,68,68
2024-04-18T00:00:00Z,CS32,33,33
2024-04-18T00:00:00Z,CS31,3,3
2024-04-18T00:00:00Z,ICS09,68,68
2024-04-24T00:00:00Z,XCN12,>150,450
2024-04-24T00:00:00Z,XCN04,ND,0
2024-04-24T00:00:00Z,ICS01,>150,450
2024-04-24T00:00:00Z,CN22,ND,0
2024-04-24T00:00:00Z,CN06,ND,0
2024-04-24T00:00:00Z,CN42,23,23
2024-04-24T00:00:00Z,CN09,26,26
2024-04-24T00:00:00Z,CN31,3,3
2024-04-24T00:00:00Z,CN12A,71,71
2024-04-24T00:00:00Z,ICS03,>150,450
2024-04-24T00:00:00Z,CN41,ND,0
2024-04-24T00:00:00Z,XCN03,38,38
2024-04-24T00:00:00Z,XCN10,37,37
2024-04-24T00:00:00Z,XCN02,ND,0
2024-04-23T00:00:00Z,XCS13,76,76
2024-04-23T00:00:00Z,XCS14,7,7
2024-04-23T00:00:00Z,ICS06,13,13
2024-04-23T00:00:00Z,CS35,4,4
2024-04-23T00:00:00Z,XCS17,>150,450
2024-04-23T00:00:00Z,CS03,5,5
2024-04-23T00:00:00Z,CS04,3,3
2024-04-23T00:00:00Z,CS34,78,78
2024-04-23T00:00:00Z,ICS08,97,97
2024-04-23T00:00:00Z,CS12,28,28
2024-04-23T00:00:00Z,CS17,16,16
2024-04-23T00:00:00Z,XCS18,21,21
2024-04-23T00:00:00Z,XCS30,43,43
2024-04-23T00:00:00Z,CS32,53,53
2024-04-23T00:00:00Z,CS31,18,18
2024-04-23T00:00:00Z,ICS09,97,97
2024-04-30T00:00:00Z,XCN12,1,1
2024-04-30T00:00:00Z,XCN04,3,3
2024-04-30T00:00:00Z,ICS01,>150,450
2024-04-30T00:00:00Z,CN22,89,89
2024-04-30T00:00:00Z,CN06,12,12
2024-04-30T00:00:00Z,CN42,ND,0
2024-04-30T00:00:00Z,CN09,ND,0
2024-04-30T00:00:00Z,CN31,1,1
2024-04-30T00:00:00Z,CN12A,10,10
2024-04-30T00:00:00Z,ICS03,25,25
2024-04-30T00:00:00Z,CN41,1,1
2024-04-30T00:00:00Z,XCN03,ND,0
2024-04-30T00:00:00Z,XCN10,2,2
2024-04-30T00:00:00Z,XCN02,2,2
2024-05-08T00:00:00Z,XCN12,7,7
2024-05-08T00:00:00Z,XCN04,3,3
2024-05-08T00:00:00Z,ICS01,28,28
2024-05-08T00:00:00Z,CN22,4,4
2024-05-08T00:00:00Z,CN06,ND,0
2024-05-08T00:00:00Z,CN42,ND,0
2024-05-08T00:00:00Z,CN09,ND,0
2024-05-08T00:00:00Z,CN31,ND,0
2024-05-08T00:00:00Z,CN12A,ND,0
2024-05-08T00:00:00Z,ICS03,26,26
2024-05-08T00:00:00Z,CN41,ND,0
2024-05-08T00:00:00Z,XCN03,ND,0
2024-05-08T00:00:00Z,XCN10,99,99
2024-05-08T00:00:00Z,XCN02,28,28
2024-05-07T00:00:00Z,XCS13,138,138
2024-05-07T00:00:00Z,XCS14,260,260
2024-05-07T00:00:00Z,ICS06,>150,450
2024-05-07T00:00:00Z,CS35,34,34
2024-05-07T00:00:00Z,XCS17,>150,450
2024-05-07T00:00:00Z,CS03,ND,0
2024-05-07T00:00:00Z,CS04,ND,0
2024-05-07T00:00:00Z,CS34,73,73
2024-05-07T00:00:00Z,ICS08,75,75
2024-05-07T00:00:00Z,CS12,12,12
2024-05-07T00:00:00Z,CS17,5,5
2024-05-07T00:00:00Z,XCS18,ND,0
2024-05-07T00:00:00Z,XCS30,45,45
2024-05-07T00:00:00Z,CS32,ND,0
2024-05-07T00:00:00Z,CS31,24,24
2024-05-07T00:00:00Z,ICS09,117,117
2024-05-14T00:00:00Z,XCN12,ND,0
2024-05-14T00:00:00Z,XCN04,ND,0
2024-05-14T00:00:00Z,ICS01,>150,450
2024-05-14T00:00:00Z,CN22,410,410
2024-05-14T00:00:00Z,CN06,12,12
2024-05-14T00:00:00Z,CN42,ND,0
2024-05-14T00:00:00Z,CN09,ND,0
2024-05-14T00:00:00Z,CN31,2,2
2024-05-14T00:00:00Z,CN12A,9,9
2024-05-14T00:00:00Z,ICS03,56,56
2024-05-14T00:00:00Z,CN41,5,5
2024-05-14T00:00:00Z,XCN03,ND,0
2024-05-14T00:00:00Z,XCN10,ND,0
2024-05-14T00:00:00Z,XCN02,17,17
2024-05-15T00:00:00Z,XCS13,ND,0
2024-05-15T00:00:00Z,XCS14,ND,0
2024-05-15T00:00:00Z,ICS06,>150,450
2024-05-15T00:00:00Z,CS35,16,16
2024-05-15T00:00:00Z,XCS17,>150,450
2024-05-15T00:00:00Z,CS03,ND,0
2024-05-15T00:00:00Z,CS04,ND,0
2024-05-15T00:00:00Z,CS34,14,14
2024-05-15T00:00:00Z,ICS08,21,21
2024-05-15T00:00:00Z,CS12,5,5
2024-05-15T00:00:00Z,CS17,98,98
2024-05-15T00:00:00Z,XCS18,12,12
2024-05-15T00:00:00Z,XCS30,ND,0
2024-05-15T00:00:00Z,CS32,ND,0
2024-05-15T00:00:00Z,CS31,2,2
2024-05-15T00:00:00Z,ICS09,29,29
2024-05-22T00:00:00Z,XCN12,5,5
2024-05-22T00:00:00Z,XCN04,47,47
2024-05-22T00:00:00Z,ICS01,142,142
2024-05-22T00:00:00Z,CN22,235,235
2024-05-22T00:00:00Z,CN06,29,29
2024-05-22T00:00:00Z,CN42,18,18
2024-05-22T00:00:00Z,CN09,7,7
2024-05-22T00:00:00Z,CN31,8,8
2024-05-22T00:00:00Z,CN12A,4,4
2024-05-22T00:00:00Z,ICS03,141,141
2024-05-22T00:00:00Z,CN41,9,9
2024-05-22T00:00:00Z,XCN03,2,2
2024-05-22T00:00:00Z,XCN10,130,130
2024-05-22T00:00:00Z,XCN02,9,9
2024-05-21T00:00:00Z,XCS13,6,6
2024-05-21T00:00:00Z,XCS14,57,57
2024-05-21T00:00:00Z,ICS06,24,24
2024-05-21T00:00:00Z,CS35,9,9
2024-05-21T00:00:00Z,XCS17,>150,450
2024-05-21T00:00:00Z,CS03,3,3
2024-05-21T00:00:00Z,CS04,1,1
2024-05-21T00:00:00Z,CS34,>150,450
2024-05-21T00:00:00Z,ICS08,24,24
2024-05-21T00:00:00Z,CS12,22,22
2024-05-21T00:00:00Z,CS17,15,15
2024-05-21T00:00:00Z,XCS18,2,2
2024-05-21T00:00:00Z,XCS30,4,4
2024-05-21T00:00:00Z,CS32,127,127
2024-05-21T00:00:00Z,CS31,>150,450
2024-05-21T00:00:00Z,ICS09,260,260
2024-05-28T00:00:00Z,XCN12,15,15
2024-05-28T00:00:00Z,XCN04,21,21
2024-05-28T00:00:00Z,ICS01,43,43
2024-05-28T00:00:00Z,CN22,40,40
2024-05-28T00:00:00Z,CN06,ND,0
2024-05-28T00:00:00Z,CN42,ND,0
2024-05-28T00:00:00Z,CN09,ND,0
2024-05-28T00:00:00Z,CN31,4,4
2024-05-28T00:00:00Z,CN12A,4,4
2024-05-28T00:00:00Z,ICS03,34,34
2024-05-28T00:00:00Z,CN41,ND,0
2024-05-28T00:00:00Z,XCN03,ND,0
2024-05-28T00:00:00Z,XCN10,20,20
2024-05-28T00:00:00Z,XCN02,ND,0
2024-05-30T00:00:00Z,XCS13,14,14
2024-05-30T00:00:00Z,XCS14,6,6
2024-05-30T00:00:00Z,ICS06,123,123
2024-05-30T00:00:00Z,CS35,67,67
2024-05-30T00:00:00Z,XCS17,>150,450
2024-05-30T00:00:00Z,CS03,9,9
2024-05-30T00:00:00Z,CS04,1,1
2024-05-30T00:00:00Z,CS34,103,103
2024-05-30T00:00:00Z,ICS08,47,47
2024-05-30T00:00:00Z,CS12,>150,450
2024-05-30T00:00:00Z,CS17,18,18
2024-05-30T00:00:00Z,XCS18,27,27
2024-05-30T00:00:00Z,XCS30,2,2
2024-05-30T00:00:00Z,CS32,300,300
2024-05-30T00:00:00Z,CS31,>150,450
2024-05-30T00:00:00Z,ICS09,870,870
2024-06-04T00:00:00Z,XCN12,>150,450
2024-06-04T00:00:00Z,XCN04,>1500,4500
2024-06-04T00:00:00Z,ICS01,>150,450
2024-06-04T00:00:00Z,CN22,>1500,4500
2024-06-04T00:00:00Z,CN06,>150,450
2024-06-04T00:00:00Z,CN42,66,66
2024-06-04T00:00:00Z,CN09,107,107
2024-06-04T00:00:00Z,CN31,>150,450
2024-06-04T00:00:00Z,CN12A,>1500,4500
2024-06-04T00:00:00Z,ICS03,>150,450
2024-06-04T00:00:00Z,CN41,670,670
2024-06-04T00:00:00Z,XCN03,93,93
2024-06-04T00:00:00Z,XCN10,>1500,4500
2024-06-05T00:00:00Z,XCS13,355,355
2024-06-05T00:00:00Z,XCS14,88,88
2024-06-05T00:00:00Z,CS35,17,17
2024-06-05T00:00:00Z,CS03,34,34
2024-06-05T00:00:00Z,CS04,24,24
2024-06-05T00:00:00Z,CS34,>150,450
2024-06-05T00:00:00Z,CS12,>150,450
2024-06-05T00:00:00Z,CS17,118,118
2024-06-05T00:00:00Z,XCS18,>150,450
2024-06-05T00:00:00Z,XCS30,>1500,4500
2024-06-05T00:00:00Z,CS32,415,415
2024-06-05T00:00:00Z,CS31,>150,450
2024-06-05T00:00:00Z,ICS09,>1500,4500
2024-06-12T00:00:00Z,XCN12,21,21
2024-06-12T00:00:00Z,XCN04,101,101
2024-06-12T00:00:00Z,ICS01,>150,450
2024-06-12T00:00:00Z,CN22,57,57
2024-06-12T00:00:00Z,CN06,6,6
2024-06-12T00:00:00Z,CN42,ND,0
2024-06-12T00:00:00Z,CN09,ND,0
2024-06-12T00:00:00Z,CN31,5,5
2024-06-12T00:00:00Z,CN12A,33,33
2024-06-12T00:00:00Z,ICS03,>150,450
2024-06-12T00:00:00Z,XCN03,ND,0
2024-06-12T00:00:00Z,XCN10,>1500,4500
2024-06-11T00:00:00Z,XCS13,13,13
2024-06-11T00:00:00Z,XCS14,ND,0
2024-06-11T00:00:00Z,CS35,4,4
2024-06-11T00:00:00Z,CS03,ND,0
2024-06-11T00:00:00Z,CS04,ND,0
2024-06-11T00:00:00Z,CS34,14,14
2024-06-11T00:00:00Z,CS12,8,8
2024-06-11T00:00:00Z,CS17,9,9
2024-06-11T00:00:00Z,XCS18,3,3
2024-06-11T00:00:00Z,XCS30,26,26
2024-06-11T00:00:00Z,CS32,24,24
2024-06-11T00:00:00Z,CS31,17,17
2024-06-11T00:00:00Z,ICS09,41,41
2024-06-18T00:00:00Z,XCN12,17,17
2024-06-18T00:00:00Z,XCN04,20,20
2024-06-18T00:00:00Z,ICS01,>150,450
2024-06-18T00:00:00Z,CN22,1005,1005
2024-06-18T00:00:00Z,CN06,>150,450
2024-06-18T00:00:00Z,CN42,ND,0
2024-06-18T00:00:00Z,CN09,2,2
2024-06-18T00:00:00Z,CN31,30,30
2024-06-18T00:00:00Z,CN12A,29,29
2024-06-18T00:00:00Z,ICS03,75,75
2024-06-18T00:00:00Z,XCN03,38,38
2024-06-18T00:00:00Z,XCN10,380,380
2024-06-19T00:00:00Z,XCS13,47,47
2024-06-19T00:00:00Z,XCS14,65,65
2024-06-19T00:00:00Z,CS35,50,50
2024-06-19T00:00:00Z,CS03,87,87
2024-06-19T00:00:00Z,CS04,6,6
2024-06-19T00:00:00Z,CS34,37,37
2024-06-19T00:00:00Z,CS12,66,66
2024-06-19T00:00:00Z,CS17,130,130
2024-06-19T00:00:00Z,XCS18,38,38
2024-06-19T00:00:00Z,XCS30,59,59
2024-06-19T00:00:00Z,CS32,390,390
2024-06-19T00:00:00Z,CS31,143,143
2024-06-19T00:00:00Z,ICS09,>1500,4500
2024-06-26T00:00:00Z,XCN12,ND,0
2024-06-26T00:00:00Z,XCN04,240,240
2024-06-26T00:00:00Z,ICS01,>150,450
2024-06-26T00:00:00Z,CN22,>1500,4500
2024-06-26T00:00:00Z,CN06,36,36
2024-06-26T00:00:00Z,CN42,32,32
2024-06-26T00:00:00Z,CN09,46,46
2024-06-26T00:00:00Z,CN31,23,23
2024-06-26T00:00:00Z,CN12A,21,21
2024-06-26T00:00:00Z,ICS03,>150,450
2024-06-26T00:00:00Z,XCN03,12,12
2024-06-26T00:00:00Z,XCN10,680,680
2024-06-25T00:00:00Z,XCS13,35,35
2024-06-25T00:00:00Z,XCS14,44,44
2024-06-25T00:00:00Z,CS35,ND,0
2024-06-25T00:00:00Z,CS03,8,8
2024-06-25T00:00:00Z,CS04,ND,0
2024-06-25T00:00:00Z,CS34,6,6
2024-06-25T00:00:00Z,CS12,9,9
2024-06-25T00:00:00Z,CS17,46,46
2024-06-25T00:00:00Z,XCS18,88,88
2024-06-25T00:00:00Z,XCS30,485,485
2024-06-25T00:00:00Z,CS32,345,345
2024-06-25T00:00:00Z,CS31,45,45
2024-06-25T00:00:00Z,ICS09,108,108
2024-07-02T00:00:00Z,XCN12,5,5
2024-07-02T00:00:00Z,XCN04,5,5
2024-07-02T00:00:00Z,ICS01,>150,450
2024-07-02T00:00:00Z,CN22,37,37
2024-07-02T00:00:00Z,CN06,16,16
2024-07-02T00:00:00Z,CN42,3,3
2024-07-02T00:00:00Z,CN09,ND,0
2024-07-02T00:00:00Z,CN31,27,27
2024-07-02T00:00:00Z,CN12A,42,42
2024-07-02T00:00:00Z,ICS03,49,49
2024-07-02T00:00:00Z,CN41,30,30
2024-07-02T00:00:00Z,XCN03,37,37
2024-07-02T00:00:00Z,XCN10,600,600
2024-07-03T00:00:00Z,XCS13,118,118
2024-07-03T00:00:00Z,XCS14,>1500,4500
2024-07-03T00:00:00Z,CS35,>1500,4500
2024-07-03T00:00:00Z,CS03,38,38
2024-07-03T00:00:00Z,CS04,81,81
2024-07-03T00:00:00Z,CS34,>150,450
2024-07-03T00:00:00Z,CS12,>150,450
2024-07-03T00:00:00Z,CS17,86,86
2024-07-03T00:00:00Z,XCS18,3,3
2024-07-03T00:00:00Z,XCS30,35,35
2024-07-03T00:00:00Z,CS32,88,88
2024-07-03T00:00:00Z,CS31,106,106
2024-07-03T00:00:00Z,ICS09,820,820
2024-07-10T00:00:00Z,XCN12,40,40
2024-07-10T00:00:00Z,XCN04,134,134
2024-07-10T00:00:00Z,ICS01,>150,450
2024-07-10T00:00:00Z,CN22,>1500,4500
2024-07-10T00:00:00Z,CN06,120,120
2024-07-10T00:00:00Z,CN42,138,138
2024-07-10T00:00:00Z,CN09,>150,450
2024-07-10T00:00:00Z,CN31,121,121
2024-07-10T00:00:00Z,CN12A,74,74
2024-07-10T00:00:00Z,ICS03,>150,450
2024-07-10T00:00:00Z,XCN03,27,27
2024-07-10T00:00:00Z,XCN10,>1500,4500
2024-07-09T00:00:00Z,XCS13,>1500,4500
2024-07-09T00:00:00Z,XCS14,1365,1365
2024-07-09T00:00:00Z,CS35,>1500,4500
2024-07-09T00:00:00Z,CS03,87,87
2024-07-09T00:00:00Z,CS04,55,55
2024-07-09T00:00:00Z,CS34,>150,450
2024-07-09T00:00:00Z,CS12,>150,450
2024-07-09T00:00:00Z,CS17,109,109
2024-07-09T00:00:00Z,XCS18,>150,450
2024-07-09T00:00:00Z,XCS30,117,117
2024-07-09T00:00:00Z,CS32,1100,1100
2024-07-09T00:00:00Z,CS31,>150,450
2024-07-09T00:00:00Z,ICS09,>1500,4500
2024-07-16T00:00:00Z,XCN12,ND,0
2024-07-16T00:00:00Z,XCN04,295,295
2024-07-16T00:00:00Z,ICS01,>150,450
2024-07-16T00:00:00Z,CN22,>1500,4500
2024-07-16T00:00:00Z,CN06,71,71
2024-07-16T00:00:00Z,CN42,45,45
2024-07-16T00:00:00Z,CN09,>150,450
2024-07-16T00:00:00Z,CN31,30,30
2024-07-16T00:00:00Z,CN12A,24,24
2024-07-16T00:00:00Z,XCN03,41,41
2024-07-16T00:00:00Z,XCN10,>1500,4500
2024-07-17T00:00:00Z,XCS13,37,37
2024-07-17T00:00:00Z,XCS14,14,14
2024-07-17T00:00:00Z,CS35,1040,1040
2024-07-17T00:00:00Z,CS03,115,115
2024-07-17T00:00:00Z,CS04,76,76
2024-07-17T00:00:00Z,CS34,>150,450
2024-07-17T00:00:00Z,CS12,>150,450
2024-07-17T00:00:00Z,CS17,23,23
2024-07-17T00:00:00Z,XCS18,ND,0
2024-07-17T00:00:00Z,XCS30,65,65
2024-07-17T00:00:00Z,CS32,73,73
2024-07-17T00:00:00Z,CS31,>150,450
2024-07-17T00:00:00Z,ICS09,1220,1220
2024-07-24T00:00:00Z,XCN12,ND,0
2024-07-24T00:00:00Z,XCN04,ND,0
2024-07-24T00:00:00Z,ICS01,>150,450
2024-07-24T00:00:00Z,CN22,>150,450
2024-07-24T00:00:00Z,CN06,55,55
2024-07-24T00:00:00Z,CN42,ND,0
2024-07-24T00:00:00Z,CN09,ND,0
2024-07-24T00:00:00Z,CN31,ND,0
2024-07-24T00:00:00Z,CN12A,13,13
2024-07-24T00:00:00Z,ICS03,>150,450
2024-07-24T00:00:00Z,XCN03,ND,0
2024-07-24T00:00:00Z,XCN10,>150,450
2024-07-23T00:00:00Z,XCS13,2,2
2024-07-23T00:00:00Z,XCS14,ND,0
2024-07-23T00:00:00Z,CS35,10,10
2024-07-23T00:00:00Z,CS03,ND,0
2024-07-23T00:00:00Z,CS04,ND,0
2024-07-23T00:00:00Z,CS34,12,12
2024-07-23T00:00:00Z,CS12,ND,0
2024-07-23T00:00:00Z,CS17,ND,0
2024-07-23T00:00:00Z,XCS18,ND,0
2024-07-23T00:00:00Z,XCS30,655,655
2024-07-23T00:00:00Z,CS32,42,42
2024-07-23T00:00:00Z,CS31,>150,450
2024-07-23T00:00:00Z,ICS09,755,755
2024-07-30T00:00:00Z,XCN12,ND,0
2024-07-30T00:00:00Z,XCN04,89,89
2024-07-30T00:00:00Z,ICS01,>150,450
2024-07-30T00:00:00Z,CN22,390,390
2024-07-30T00:00:00Z,CN06,37,37
2024-07-30T00:00:00Z,CN42,14,14
2024-07-30T00:00:00Z,CN09,12,12
2024-07-30T00:00:00Z,CN31,23,23
2024-07-30T00:00:00Z,CN12A,ND,0
2024-07-30T00:00:00Z,ICS03,43,43
2024-07-30T00:00:00Z,XCN03,ND,0
2024-07-30T00:00:00Z,XCN10,>1500,4500
2024-07-31T00:00:00Z,XCS13,8,8
2024-07-31T00:00:00Z,XCS14,3,3
2024-07-31T00:00:00Z,CS35,13,13
2024-07-31T00:00:00Z,CS03,37,37
2024-07-31T00:00:00Z,CS04,ND,0
2024-07-31T00:00:00Z,CS34,19,19
2024-07-31T00:00:00Z,CS12,ND,0
2024-07-31T00:00:00Z,CS17,ND,0
2024-07-31T00:00:00Z,XCS18,ND,0
2024-07-31T00:00:00Z,XCS30,62,62
2024-07-31T00:00:00Z,CS32,505,505
2024-07-31T00:00:00Z,CS31,55,55
2024-07-31T00:00:00Z,ICS09,110,110
2024-08-07T00:00:00Z,XCN12,40,40
2024-08-07T00:00:00Z,XCN04,54,54
2024-08-07T00:00:00Z,ICS01,>150,450
2024-08-07T00:00:00Z,CN22,310,310
2024-08-07T00:00:00Z,CN06,9,9
2024-08-07T00:00:00Z,CN42,ND,0
2024-08-07T00:00:00Z,CN09,ND,0
2024-08-07T00:00:00Z,CN31,9,9
2024-08-07T00:00:00Z,CN12A,ND,0
2024-08-07T00:00:00Z,ICS03,>150,450
2024-08-07T00:00:00Z,XCN03,ND,0
2024-08-07T00:00:00Z,XCN10,>1500,4500
2024-08-06T00:00:00Z,XCS13,ND,0
2024-08-06T00:00:00Z,XCS14,1170,1170
2024-08-06T00:00:00Z,CS35,15,15
2024-08-06T00:00:00Z,CS03,ND,0
2024-08-06T00:00:00Z,CS04,ND,0
2024-08-06T00:00:00Z,CS34,19,19
2024-08-06T00:00:00Z,CS12,19,19
2024-08-06T00:00:00Z,CS17,ND,0
2024-08-06T00:00:00Z,XCS18,ND,0
2024-08-06T00:00:00Z,XCS30,11,11
2024-08-06T00:00:00Z,CS32,73,73
2024-08-06T00:00:00Z,CS31,86,86
2024-08-06T00:00:00Z,ICS09,90,90
2024-08-13T00:00:00Z,XCN12,ND,0
2024-08-13T00:00:00Z,XCN04,98,98
2024-08-13T00:00:00Z,ICS01,205,205
2024-08-13T00:00:00Z,CN22,150,150
2024-08-13T00:00:00Z,CN06,79,79
2024-08-13T00:00:00Z,CN42,25,25
2024-08-13T00:00:00Z,CN09,25,25
2024-08-13T00:00:00Z,CN31,13,13
2024-08-13T00:00:00Z,CN12A,19,19
2024-08-13T00:00:00Z,ICS03,305,305
2024-08-13T00:00:00Z,CN41,25,25
2024-08-13T00:00:00Z,XCN03,94,94
2024-08-13T00:00:00Z,XCN10,48,48
2024-08-13T00:00:00Z,HB13,64,64
2024-08-14T00:00:00Z,XCS13,18,18
2024-08-14T00:00:00Z,XCS14,4,4
2024-08-14T00:00:00Z,CS35,39,39
2024-08-14T00:00:00Z,CS03,4,4
2024-08-14T00:00:00Z,CS04,12,12
2024-08-14T00:00:00Z,CS34,>150,450
2024-08-14T00:00:00Z,CS12,142,142
2024-08-14T00:00:00Z,CS17,73,73
2024-08-14T00:00:00Z,XCS18,6,6
2024-08-14T00:00:00Z,XCS30,465,465
2024-08-14T00:00:00Z,CS32,355,355
2024-08-14T00:00:00Z,CS31,>150,450
2024-08-14T00:00:00Z,ICS09,580,580
2024-08-21T00:00:00Z,XCN12,ND,0
2024-08-21T00:00:00Z,XCN04,31,31
2024-08-21T00:00:00Z,ICS01,320,320
2024-08-21T00:00:00Z,CN22,235,235
2024-08-21T00:00:00Z,CN06,ND,0
2024-08-21T00:00:00Z,CN42,ND,0
2024-08-21T00:00:00Z,CN09,ND,0
2024-08-21T00:00:00Z,CN31,ND,0
2024-08-21T00:00:00Z,CN12A,35,35
2024-08-21T00:00:00Z,ICS03,955,955
2024-08-21T00:00:00Z,CN41,ND,0
2024-08-21T00:00:00Z,XCN03,ND,0
2024-08-21T00:00:00Z,XCN10,330,330
2024-08-21T00:00:00Z,HB13,110,110
2024-08-20T00:00:00Z,XCS13,ND,0
2024-08-20T00:00:00Z,XCS14,19,19
2024-08-20T00:00:00Z,CS35,ND,0
2024-08-20T00:00:00Z,CS03,ND,0
2024-08-20T00:00:00Z,CS04,ND,0
2024-08-20T00:00:00Z,CS34,21,21
2024-08-20T00:00:00Z,CS12,ND,0
2024-08-20T00:00:00Z,CS17,ND,0
2024-08-20T00:00:00Z,XCS18,ND,0
2024-08-20T00:00:00Z,XCS30,ND,0
2024-08-20T00:00:00Z,CS32,195,195
2024-08-20T00:00:00Z,CS31,116,116
2024-08-20T00:00:00Z,ICS09,75,75
2024-08-27T00:00:00Z,XCN12,12,12
2024-08-27T00:00:00Z,XCN04,12,12
2024-08-27T00:00:00Z,ICS01,215,215
2024-08-27T00:00:00Z,CN22,265,265
2024-08-27T00:00:00Z,CN06,245,245
2024-08-27T00:00:00Z,CN42,17,17
2024-08-27T00:00:00Z,CN09,14,14
2024-08-27T00:00:00Z,CN31,19,19
2024-08-27T00:00:00Z,CN12A,19,19
2024-08-27T00:00:00Z,CN41,ND,0
2024-08-27T00:00:00Z,XCN03,6,6
2024-08-27T00:00:00Z,XCN10,235,235
2024-08-27T00:00:00Z,ICS14,235,235
2024-08-27T00:00:00Z,HB13,205,205
2024-08-28T00:00:00Z,XCS13,10,10
2024-08-28T00:00:00Z,XCS14,ND,0
2024-08-28T00:00:00Z,CS35,35,35
2024-08-28T00:00:00Z,CS03,ND,0
2024-08-28T00:00:00Z,CS04,ND,0
2024-08-28T00:00:00Z,CS34,ND,0
2024-08-28T00:00:00Z,CS12,195,195
2024-08-28T00:00:00Z,CS17,1115,1115
2024-08-28T00:00:00Z,XCS18,29,29
2024-08-28T00:00:00Z,XCS30,255,255
2024-08-28T00:00:00Z,CS32,350,350
2024-08-28T00:00:00Z,CS31,315,315
2024-08-28T00:00:00Z,ICS09,1050,1050
2024-09-04T00:00:00Z,XCN12,ND,0
2024-09-04T00:00:00Z,XCN04,80,80
2024-09-04T00:00:00Z,ICS01,>150,450
2024-09-04T00:00:00Z,CN22,>150,450
2024-09-04T00:00:00Z,CN06,ND,0
2024-09-04T00:00:00Z,CN42,ND,0
2024-09-04T00:00:00Z,CN09,ND,0
2024-09-04T00:00:00Z,CN31,ND,0
2024-09-04T00:00:00Z,CN12A,ND,0
2024-09-04T00:00:00Z,CN41,ND,0
2024-09-04T00:00:00Z,XCN03,ND,0
2024-09-04T00:00:00Z,XCN10,55,55
2024-09-04T00:00:00Z,ICS14,68,68
2024-09-04T00:00:00Z,HB13,107,107
2024-09-03T00:00:00Z,XCS13,ND,0
2024-09-03T00:00:00Z,XCS14,ND,0
2024-09-03T00:00:00Z,CS35,ND,0
2024-09-03T00:00:00Z,CS03,ND,0
2024-09-03T00:00:00Z,CS04,ND,0
2024-09-03T00:00:00Z,CS34,ND,0
2024-09-03T00:00:00Z,CS12,ND,0
2024-09-03T00:00:00Z,CS17,ND,0
2024-09-03T00:00:00Z,XCS18,ND,0
2024-09-03T00:00:00Z,XCS30,ND,0
2024-09-03T00:00:00Z,CS32,ND,0
2024-09-03T00:00:00Z,CS31,57,57
2024-09-03T00:00:00Z,ICS09,225,225
2024-09-10T00:00:00Z,XCN12,ND,0
2024-09-10T00:00:00Z,XCN04,63,63
2024-09-10T00:00:00Z,ICS01,>150,450
2024-09-10T00:00:00Z,CN22,275,275
2024-09-10T00:00:00Z,CN06,ND,0
2024-09-10T00:00:00Z,CN42,ND,0
2024-09-10T00:00:00Z,CN09,ND,0
2024-09-10T00:00:00Z,CN31,ND,0
2024-09-10T00:00:00Z,CN12A,ND,0
2024-09-10T00:00:00Z,CN41,ND,0
2024-09-10T00:00:00Z,XCN03,>150,450
2024-09-10T00:00:00Z,XCN10,110,110
2024-09-10T00:00:00Z,ICS14,ND,0
2024-09-10T00:00:00Z,HB13,ND,0
2024-09-10T00:00:00Z,CN04,ND,0
2024-09-11T00:00:00Z,XCS13,ND,0
2024-09-11T00:00:00Z,XCS14,ND,0
2024-09-11T00:00:00Z,CS35,ND,0
2024-09-11T00:00:00Z,CS03,37,37
2024-09-11T00:00:00Z,CS04,73,73
2024-09-11T00:00:00Z,CS34,>150,450
2024-09-11T00:00:00Z,CS12,>150,450
2024-09-11T00:00:00Z,CS17,ND,0
2024-09-11T00:00:00Z,XCS18,45,45
2024-09-11T00:00:00Z,XCS30,>150,450
2024-09-11T00:00:00Z,CS32,>150,450
2024-09-11T00:00:00Z,CS31,82,82
2024-09-11T00:00:00Z,ICS09,ND,0
2024-09-17T00:00:00Z,XCN12,19,19
2024-09-17T00:00:00Z,XCN04,53,53
2024-09-17T00:00:00Z,ICS01,>150,450
2024-09-17T00:00:00Z,CN22,275,275
2024-09-17T00:00:00Z,CN06,19,19
2024-09-17T00:00:00Z,CN42,9,9
2024-09-17T00:00:00Z,CN09,23,23
2024-09-17T00:00:00Z,CN31,7,7
2024-09-17T00:00:00Z,CN12A,ND,0
2024-09-17T00:00:00Z,CN41,7,7
2024-09-17T00:00:00Z,XCN03,5,5
2024-09-17T00:00:00Z,XCN10,34,34
2024-09-17T00:00:00Z,ICS14,92,92
2024-09-17T00:00:00Z,HB13,27,27
2024-09-18T00:00:00Z,XCS13,19,19
2024-09-18T00:00:00Z,XCS14,11,11
2024-09-18T00:00:00Z,CS35,13,13
2024-09-18T00:00:00Z,CS03,ND,0
2024-09-18T00:00:00Z,CS04,ND,0
2024-09-18T00:00:00Z,CS34,51,51
2024-09-18T00:00:00Z,CS12,27,27
2024-09-18T00:00:00Z,CS17,9,9
2024-09-18T00:00:00Z,XCS18,15,15
2024-09-18T00:00:00Z,XCS30,11,11
2024-09-18T00:00:00Z,CS32,34,34
2024-09-18T00:00:00Z,CS31,73,73
2024-09-18T00:00:00Z,ICS09,295,295
2024-09-27T00:00:00Z,XCN12,15,15
2024-09-27T00:00:00Z,XCN04,ND,0
2024-09-27T00:00:00Z,ICS01,8,8
2024-09-27T00:00:00Z,CN22,ND,0
2024-09-27T00:00:00Z,CN06,117,117
2024-09-27T00:00:00Z,CN42,ND,0
2024-09-27T00:00:00Z,CN09,ND,0
2024-09-27T00:00:00Z,CN31,ND,0
2024-09-27T00:00:00Z,CN12A,3,3
2024-09-27T00:00:00Z,CN41,ND,0
2024-09-27T00:00:00Z,XCN03,ND,0
2024-09-27T00:00:00Z,XCN10,72,72
2024-09-27T00:00:00Z,ICS14,99,99
2024-09-27T00:00:00Z,HB13,11,11
2024-09-26T00:00:00Z,XCS13,43,43
2024-09-26T00:00:00Z,XCS14,6,6
2024-09-26T00:00:00Z,CS35,ND,0
2024-09-26T00:00:00Z,CS03,3,3
2024-09-26T00:00:00Z,CS04,15,15
2024-09-26T00:00:00Z,CS34,1,1
2024-09-26T00:00:00Z,CS12,ND,0
2024-09-26T00:00:00Z,CS17,ND,0
2024-09-26T00:00:00Z,XCS18,14,14
2024-09-26T00:00:00Z,XCS30,72,72
2024-09-26T00:00:00Z,CS32,7,7
2024-09-26T00:00:00Z,CS31,23,23
2024-09-26T00:00:00Z,ICS09,116,116
2024-10-01T00:00:00Z,XCN12,ND,0
2024-10-01T00:00:00Z,XCN04,45,45
2024-10-01T00:00:00Z,ICS01,275,275
2024-10-01T00:00:00Z,CN22,27,27
2024-10-01T00:00:00Z,CN06,ND,0
2024-10-01T00:00:00Z,CN42,ND,0
2024-10-01T00:00:00Z,CN09,ND,0
2024-10-01T00:00:00Z,CN31,ND,0
2024-10-01T00:00:00Z,CN12A,ND,0
2024-10-01T00:00:00Z,CN41,ND,0
2024-10-01T00:00:00Z,XCN03,ND,0
2024-10-01T00:00:00Z,XCN10,74,74
2024-10-01T00:00:00Z,ICS14,85,85
2024-10-01T00:00:00Z,HB13,14,14
2024-10-02T00:00:00Z,XCS13,ND,0
2024-10-02T00:00:00Z,XCS14,ND,0
2024-10-02T00:00:00Z,CS35,ND,0
2024-10-02T00:00:00Z,CS03,ND,0
2024-10-02T00:00:00Z,CS04,ND,0
2024-10-02T00:00:00Z,CS34,ND,0
2024-10-02T00:00:00Z,CS12,ND,0
2024-10-02T00:00:00Z,CS17,ND,0
2024-10-02T00:00:00Z,XCS18,>150,450
2024-10-02T00:00:00Z,XCS30,ND,0
2024-10-02T00:00:00Z,CS32,270,270
2024-10-02T00:00:00Z,CS31,>150,450
2024-10-02T00:00:00Z,ICS09,ND,0
2024-10-09T00:00:00Z,XCN12,ND,0
2024-10-09T00:00:00Z,XCN04,ND,0
2024-10-09T00:00:00Z,ICS01,>150,450
2024-10-09T00:00:00Z,CN22,370,370
2024-10-09T00:00:00Z,CN06,ND,0
2024-10-09T00:00:00Z,CN42,ND,0
2024-10-09T00:00:00Z,CN09,ND,0
2024-10-09T00:00:00Z,CN31,ND,0
2024-10-09T00:00:00Z,CN12A,ND,0
2024-10-09T00:00:00Z,CN41,ND,0
2024-10-09T00:00:00Z,XCN03,ND,0
2024-10-09T00:00:00Z,XCN10,280,280
2024-10-09T00:00:00Z,ICS14,>150,450
2024-10-09T00:00:00Z,HB13,73,73
2024-10-08T00:00:00Z,XCS13,ND,0
2024-10-08T00:00:00Z,XCS14,ND,0
2024-10-08T00:00:00Z,CS35,ND,0
2024-10-08T00:00:00Z,CS03,ND,0
2024-10-08T00:00:00Z,CS04,ND,0
2024-10-08T00:00:00Z,CS34,ND,0
2024-10-08T00:00:00Z,CS12,ND,0
2024-10-08T00:00:00Z,CS17,ND,0
2024-10-08T00:00:00Z,XCS18,ND,0
2024-10-08T00:00:00Z,XCS30,285,285
2024-10-08T00:00:00Z,CS32,ND,0
2024-10-08T00:00:00Z,CS31,ND,0
2024-10-08T00:00:00Z,ICS09,93,93
2024-10-15T00:00:00Z,XCN12,ND,0
2024-10-15T00:00:00Z,XCN04,ND,0
2024-10-15T00:00:00Z,ICS01,ND,0
2024-10-15T00:00:00Z,CN22,ND,0
2024-10-15T00:00:00Z,CN06,ND,0
2024-10-15T00:00:00Z,CN42,ND,0
2024-10-15T00:00:00Z,CN09,ND,0
2024-10-15T00:00:00Z,CN31,ND,0
2024-10-15T00:00:00Z,CN12A,ND,0
2024-10-15T00:00:00Z,CN41,ND,0
2024-10-15T00:00:00Z,XCN03,ND,0
2024-10-15T00:00:00Z,XCN10,27,27
2024-10-15T00:00:00Z,ICS14,>150,450
2024-10-15T00:00:00Z,HB13,ND,0
2024-10-16T00:00:00Z,XCS13,ND,0
2024-10-16T00:00:00Z,XCS14,ND,0
2024-10-16T00:00:00Z,CS35,ND,0
2024-10-16T00:00:00Z,CS03,ND,0
2024-10-16T00:00:00Z,CS04,ND,0
2024-10-16T00:00:00Z,CS34,ND,0
2024-10-16T00:00:00Z,CS12,ND,0
2024-10-16T00:00:00Z,CS17,ND,0
2024-10-16T00:00:00Z,XCS18,ND,0
2024-10-16T00:00:00Z,XCS30,ND,0
2024-10-16T00:00:00Z,CS32,ND,0
2024-10-16T00:00:00Z,CS31,64,64
2024-10-16T00:00:00Z,ICS09,ND,0
2024-10-23T00:00:00Z,XCN12,ND,0
2024-10-23T00:00:00Z,XCN04,ND,0
2024-10-23T00:00:00Z,ICS01,>150,450
2024-10-23T00:00:00Z,CN22,6,6
2024-10-23T00:00:00Z,CN06,3,3
2024-10-23T00:00:00Z,CN42,28,28
2024-10-23T00:00:00Z,CN09,1,1
2024-10-23T00:00:00Z,CN31,ND,0
2024-10-23T00:00:00Z,CN12A,2,2
2024-10-23T00:00:00Z,CN41,2,2
2024-10-23T00:00:00Z,XCN03,21,21
2024-10-23T00:00:00Z,XCN10,2,2
2024-10-23T00:00:00Z,ICS14,86,86
2024-10-23T00:00:00Z,HB13,23,23
2024-10-22T00:00:00Z,XCS13,ND,0
2024-10-22T00:00:00Z,XCS14,3,3
2024-10-22T00:00:00Z,CS35,8,8
2024-10-22T00:00:00Z,CS03,3,3
2024-10-22T00:00:00Z,CS04,7,7
2024-10-22T00:00:00Z,CS34,48,48
2024-10-22T00:00:00Z,CS12,1,1
2024-10-22T00:00:00Z,CS17,1,1
2024-10-22T00:00:00Z,XCS18,8,8
2024-10-22T00:00:00Z,XCS30,128,128
2024-10-22T00:00:00Z,CS32,28,28
2024-10-22T00:00:00Z,CS31,51,51
2024-10-22T00:00:00Z,ICS09,6,6
2024-10-29T00:00:00Z,XCN12,ND,0
2024-10-29T00:00:00Z,XCN04,ND,0
2024-10-29T00:00:00Z,ICS01,75,75
2024-10-29T00:00:00Z,CN22,50,50
2024-10-29T00:00:00Z,CN06,ND,0
2024-10-29T00:00:00Z,CN42,ND,0
2024-10-29T00:00:00Z,CN09,ND,0
2024-10-29T00:00:00Z,CN31,ND,0
2024-10-29T00:00:00Z,CN12A,ND,0
2024-10-29T00:00:00Z,CN41,ND,0
2024-10-29T00:00:00Z,XCN03,ND,0
2024-10-29T00:00:00Z,XCN10,115,115
2024-10-29T00:00:00Z,ICS14,>150,450
2024-10-29T00:00:00Z,HB13,143,143
2024-10-30T00:00:00Z,XCS13,9,9
2024-10-30T00:00:00Z,XCS14,ND,0
2024-10-30T00:00:00Z,CS35,ND,0
2024-10-30T00:00:00Z,CS03,ND,0
2024-10-30T00:00:00Z,CS04,ND,0
2024-10-30T00:00:00Z,CS34,15,15
2024-10-30T00:00:00Z,CS12,ND,0
2024-10-30T00:00:00Z,CS17,ND,0
2024-10-30T00:00:00Z,XCS18,ND,0
2024-10-30T00:00:00Z,XCS30,101,101
2024-10-30T00:00:00Z,CS32,ND,0
2024-10-30T00:00:00Z,CS31,ND,0
2024-10-30T00:00:00Z,ICS09,44,44
2024-11-06T00:00:00Z,XCN12,ND,0
2024-11-06T00:00:00Z,XCN04,ND,0
2024-11-06T00:00:00Z,ICS01,>150,450
2024-11-06T00:00:00Z,CN22,ND,0
2024-11-06T00:00:00Z,CN06,ND,0
2024-11-06T00:00:00Z,CN42,ND,0
2024-11-06T00:00:00Z,CN09,ND,0
2024-11-06T00:00:00Z,CN31,ND,0
2024-11-06T00:00:00Z,CN12A,ND,0
2024-11-06T00:00:00Z,CN41,ND,0
2024-11-06T00:00:00Z,XCN03,ND,0
2024-11-06T00:00:00Z,XCN10,69,69
2024-11-06T00:00:00Z,ICS14,63,63
2024-11-06T00:00:00Z,HB13,ND,0
2024-11-05T00:00:00Z,XCS13,ND,0
2024-11-05T00:00:00Z,XCS14,42,42
2024-11-05T00:00:00Z,CS35,ND,0
2024-11-05T00:00:00Z,CS03,ND,0
2024-11-05T00:00:00Z,CS04,ND,0
2024-11-05T00:00:00Z,CS34,>150,450
2024-11-05T00:00:00Z,CS12,ND,0
2024-11-05T00:00:00Z,CS17,ND,0
2024-11-05T00:00:00Z,XCS18,11,11
2024-11-05T00:00:00Z,XCS30,94,94
2024-11-05T00:00:00Z,CS32,18,18
2024-11-05T00:00:00Z,CS31,12,12
2024-11-05T00:00:00Z,ICS09,76,76
